"name","Location","Ashtray","type","Direction","latitude","longitude"
"Eastfield Road","at last bus stop before airport","Yes","Wybone","NB",55.94354586908623,-3.3610904277340397
"Gogar Station Road","After RBOS turn off","Yes","Wybone","WB",55.93730969629298,-3.3331597905356802
"Corbiehill Road","at bus stop 245830","Yes","Derby Standard","NB",55.964575460089414,-3.268141627702522
"Corbiehill Road","at bus stop 204060","Yes","Derby Standard","SB",55.964482253902645,-3.2675938913976825
"Corbiehill Road","Opposite 67","Yes","Derby Slimline","SB",55.96534177017772,-3.2696405892476896
"Corbiehill Road","Outside School","Not Applicable","Not Applicable","NB",55.964522883162886,-3.2680117459046074
"Cammo Road","At entrance to park","No","Barnsley","EB",55.95908412514553,-3.3279656476811676
"Whitehouse Road","At bus stop at top of footpath","No","Half Edinburgh","SB",55.966552757723164,-3.3076503018726444
"Whitehouse Road","opposite Phamacy","Yes","Derby Slimline","NB",55.96159670388663,-3.3064258742747383
"Barnton Park Drive","By lamppost BFR 2","Yes","Half Edinburgh","SB",55.96123504570167,-3.2930058299684264
"Barnton Park Drive","On corner of Avenue","No","Topsy","NB",55.96183955765656,-3.292769684234493
"Bridge Street","At Post Office","Yes","Derby Slimline","WB",55.93917926848311,-3.4066459313109667
"Station Road","Outside Library","Yes","Derby Standard","NB",55.95525150936136,-3.4014148050921666
"Station Road","Outside local housing office","Yes","Derby Standard","EB",55.95498587094894,-3.401068856376208
"A8000 - Kirkliston To South Queensferry","Opposite Ferrymuir retail park","No","Topsy","EB",55.98365484931767,-3.397505433764059
"A8000 - Kirkliston To South Queensferry","On corner of retail park","No","Amberol","WB",55.98310785363669,-3.3974055590970806
"A8000 - Kirkliston To South Queensferry","At Burger King","No","Amberol","NB",55.98339008759557,-3.398665951482277
"A8000 - Kirkliston To South Queensferry","At Burger King","Yes","Amberol","NB",55.982802726440084,-3.398163901197988
"High Street","Opposite Niche gallery","No","Neopolitan","WB",55.99045052733726,-3.397285746368588
"High Street","Outside boat house j.w","Yes","Brunel","EB",55.990131082360044,-3.396136010255971
"High Street","o/s neilsons","Yes","Brunel","EB",55.98981634022157,-3.3945696567875343
"High Street","Opposite stags head hotel","No","Neopolitan","WB",55.99036361281607,-3.3970261107612116
"High Street","Outside Register Office","Yes","Brunel","EB",55.98980435686819,-3.394040202511151
"High Street","opp neilsons","Yes","Neopolitan","WB",55.989735683203385,-3.3945507214201305
"Hawes Brae","Opposite Hawes Inn","Yes","Brunel","EB",55.990680315995014,-3.384084207991882
"Hawes Brae","opp car park","Yes","Brunel","EB",55.99029005873324,-3.386827621947318
"Hawes Brae","Opposite Rail Bridge Bistro","Yes","Derby Round","EB",55.98988110078479,-3.3888328843452302
"Hawes Brae","opp no 22","Yes","Derby Standard","EB",55.9900607833883,-3.388037773833232
"Hawes Brae","Opposite Bridge House","Yes","Derby Round","EB",55.990176865202066,-3.387304502351548
"Hawes Brae","Opposite Hawes garage","Yes","Brunel","EB",55.99037774578825,-3.386221576040453
"Bankhead Road","Bus stop at top of hill next to monument","Yes","Brunel","SB",55.98241650161896,-3.373370806699696
"Chapel Gate Road","Outside No. 1","No","Amberol","WB",55.98228342760143,-3.3716030281958163
"Brae Park Road","At Almond Walkway","No","Half Edinburgh","NB",55.965386992844344,-3.315028555252582
"Chapel Gate Road","At Glebe Underpass","No","Neopolitan","SB",55.97964572301241,-3.373657227399987
"Chapel Gate Road","By bench opposite No. 14","No","Amberol","EB",55.981936216896855,-3.3745398286227553
"Station Road","outside school","Yes","Derby Standard","NB",55.93626677318677,-3.3909156899041757
"Station Road","Outside shop at 30","Yes","Neopolitan","NB",55.93717915488735,-3.3912845868980246
"Station Road","Opposite Scotmid","Yes","Neopolitan","NB",55.9378238793783,-3.391483807392038
"Hillwood Road","In play park","No","Wybone","Not Applicable",55.937334371108946,-3.3878801714616538
"Hillwood Rise","On footpath at seating area","No","Derby Standard","Not Applicable",55.9371396153137,-3.3884175192007095
"Hillwood Rise","On footpath at seating area","No","Derby Standard","Not Applicable",55.93714751525937,-3.3885138571637525
"A904 - U221 At Echline To Linn Mill Burn","In layby","Not Applicable","Derby Standard","Not Applicable",55.98532593117591,-3.425777087892084
"Kirkstyle Gardens","Rear of Church in car park","No","Half Edinburgh","Not Applicable",55.95437374771859,-3.402744475418928
"A90 - Cramond Bridge To Forth Road Bridg","At bus stop after junction of riverside road","Yes","Wybone","NB",55.96813364839341,-3.3228602905894524
"A90 - Cramond Bridge To Forth Road Bridg","At bus stop","Yes","Derby Slimline","NB",55.97963966411773,-3.3588002468559774
"A90 - Cramond Bridge To Forth Road Bridg","At bus stop after Kirkliston flyover","Yes","Wybone","EB",55.97155952693148,-3.329322444136063
"Whitehouse Road","at bus stop 246150","Yes","Derby Slimline","WB",55.97531396130543,-3.2999816301099014
"Whitehouse Road","At bus stop outside Golf Course","No","Topsy","SB",55.9631004829267,-3.306973161431052
"Whitehouse Road","At bus stop at Cramond Regis","No","Half Edinburgh","SB",55.96881107470429,-3.3073740055799483
"Whitehouse Road","At first bus stop opposite Bell","Yes","Derby Slimline","NB",55.96132011670266,-3.306240345205263
"Whitehouse Road","Outside 191 Barnton House","No","Neopolitan","SB",55.9617441564616,-3.3060784212477086
"Whitehouse Road","At bus stop at fair a far shot","Yes","Derby Slimline","SB",55.97153615241456,-3.306296237385982
"Glasgow Road","Against railings at number 130","Yes","Derby Auto Slimline","EB",55.94108489588618,-3.3078965725124143
"Glasgow Road","Opposite number 126","Yes","Derby Auto Slimline","WB",55.94092355206496,-3.307859112652022
"Glasgow Road","Outside new flats","Yes","Derby Auto Slimline","EB",55.94085627937535,-3.3116513466716313
"Glasgow Road","Opposite Stratstone Garage","Yes","Derby Auto Slimline","EB",55.94122204154065,-3.305979911613302
"Glasgow Road","Just before slip road at gogar heading east at the bus stop","Yes","Wybone","EB",55.938365169650396,-3.329449811276516
"Glasgow Road","Next to package recycling bin, next to morrisons gyle","No","Half Edinburgh","WB",55.93972076266794,-3.3178568999142137
"Glasgow Road","Before exit for Airport","Yes","Wybone","WB",55.936648153571554,-3.3493540742199293
"Glasgow Road","Before BOS","Yes","Wybone","WB",55.93815080210174,-3.3293304004716466
"Glasgow Road","Opposite new flats","Yes","Derby Auto Slimline","WB",55.94068731741121,-3.311485529967709
"Glasgow Road","Outside Corstorphine ices","Yes","Derby Auto Slimline","EB",55.94249583635467,-3.2951191547895866
"Glasgow Road","Opposite number 29","Yes","Derby Auto Slimline","EB",55.942321527290964,-3.29631417065662
"Glasgow Road","Outside number 25","Yes","Derby Auto Slimline","WB",55.942190494762414,-3.2959575490013457
"Glasgow Road","Opposite number 67","Yes","Derby Auto Slimline","EB",55.941708228759346,-3.3007927369423076
"Glasgow Road","Outside number 81","Yes","Derby Auto Slimline","WB",55.94136676731301,-3.30249443892325
"Cramond Road South","Outside Bank","Yes","Derby Standard","NB",55.96561389467169,-3.274615916237348
"Cramond Road South","In tesco car park by recycling bank","Yes","Derby Standard","EB",55.96580468035662,-3.2744139195201236
"Cramond Road South","at bus stop 203800","Yes","Derby Standard","SB",55.96631423359821,-3.2755361202057385
"Cramond Road South","at bus stop 246120","Yes","Derby Slimline","SB",55.973109503732914,-3.2874251087922635
"Stirling Road","at bus stop","Yes","Wybone","WB",55.95646424656684,-3.41246247716501
"Stirling Road","At bus stop","Yes","Wybone","EB",55.95654032313015,-3.412096850771254
"Glasgow Road","At foot of underpass from RathoStation","Yes","Derby Standard Green","EB",55.93897557887259,-3.391348998218111
"Glasgow Road","Last stop beforer roundabout","Yes","Derby Slimline","WB",55.93884885982464,-3.397780448462664
"Glasgow Road","Opposite garage","Yes","Wybone","EB",55.93764572585307,-3.364837781086459
"Glasgow Road","Opposite Ratho Station","Yes","Wybone","EB",55.93894669777489,-3.3907235739123234
"Glasgow Road","Over airport underpass","Yes","Wybone","EB",55.93709299732207,-3.3587508808696387
"Glasgow Road","After Garage","Yes","Wybone","WB",55.93764374548982,-3.3674472382470246
"Glasgow Road","3rd bus stop after garage","Yes","Wybone","WB",55.93830094645055,-3.3818310625218615
"Glasgow Road","2nd stop after garage","Yes","Wybone","WB",55.93805607473881,-3.3731931866941887
"Glasgow Road","Outside 120","Yes","Wybone","WB",55.93866040144696,-3.389816761386404
"Glasgow Road","opposite 2nd bus stop after garage","Yes","Wybone","EB",55.93832482683421,-3.3732667360687825
"Marine Drive","First Bin on Dual carriageay","Yes","Derby Standard","EB",55.979041590840616,-3.2838239911608493
"Marine Drive","Last Bin on Dual carriageay","No","Brunel","EB",55.979339897408,-3.2784650364204544
"Marine Drive","Fourth Bin on Dual carriageay","Yes","Derby Standard","EB",55.9791477802111,-3.2796606696574484
"Marine Drive","Third Bin on Dual carriageay","Yes","Derby Standard","EB",55.97910253345969,-3.2805566472360552
"Marine Drive","At bus stop o/s caravan park","Yes","Derby Slimline","WB",55.9776885206595,-3.2660867972732097
"Marine Drive","","Not Applicable","Not Applicable","Not Applicable",55.978768820552375,-3.272869096581819
"Queensferry Road","Corner of comely bank Ave and learmonth terrace","Yes","Neopolitan","EB",55.95586107169786,-3.216283202611556
"Queensferry Road","Opposite number 21","Yes","Wybone","EB",55.95469947426268,-3.2328073904700605
"Queensferry Road","Outside number 83","Yes","Wybone","WB",55.955196023114574,-3.2388453061219136
"Queensferry Road","Outside number 120","Yes","Wybone","EB",55.95645270578743,-3.2434342348697367
"Queensferry Road","Opposite No 7","Yes","Wybone","EB",55.954750552551616,-3.2294936796004445
"Queensferry Road","Outside number 94","Yes","Wybone","EB",55.95573732316462,-3.2404162028059944
"Queensferry Road","Outside number 204","Yes","Wybone","EB",55.95710381309303,-3.2483563506956084
"Queensferry Road","Outside number 04","No","Derby Standard","WB",55.95709927052295,-3.2488046837774203
"Queensferry Road","Outside Barnton hotel","Yes","Wybone","EB",55.96082067420591,-3.3050381279130527
"Queensferry Road","at bus stop 246260","Yes","Barnsley","WB",55.96256604311371,-3.275653088113273
"Queensferry Road","","Yes","Derby Slimline Green","WB",55.963150979307905,-3.2790364693226004
"Queensferry Road","","Yes","Derby Slimline Green","WB",55.96315659412608,-3.2767618588000675
"Queensferry Road","At bus stop outside 463","Yes","Derby Slimline","WB",55.961035998378065,-3.2905643272788665
"Queensferry Road","Opposite Parkgrove Street","No","Derby Slimline","EB",55.96123830712778,-3.2901225317181546
"Queensferry Road","At bus stop outside 495","Yes","Derby Slimline","WB",55.96055403783649,-3.2945369276206558
"Queensferry Road","Opposite No 499","Yes","Derby Slimline","EB",55.96067642737522,-3.2948613881753355
"Queensferry Road","At bus stop outside 616","Yes","Derby Auto Slimline","EB",55.96210685798765,-3.313379435250665
"Queensferry Road","At entrance","Yes","Derby Standard Green","EB",55.9549413611471,-3.236466772735367
"Queensferry Road","At entrance","Yes","Derby Standard Green","WB",55.95486066067398,-3.2373450888817237
"Queensferry Road","Outside Dunedin House","Yes","Wybone","WB",55.9549080096646,-3.2236047233092764
"Queensferry Road","Outside 32 Buckingham Terrace","Yes","Wybone","WB",55.95511302413787,-3.219238759306351
"Queensferry Road","Outside 17 Learnmounth Terrace","Yes","Wybone","EB",55.95525848999305,-3.2190671536029623
"Queensferry Road","Outside 7 Buckingham Terrace","Yes","Wybone","WB",55.95434143428826,-3.2154827939228827
"Queensferry Road","Outside Esso garage","Yes","Wybone","WB",55.95623809209042,-3.243331252624072
"Queensferry Road","At bus stop opposite 25 Learmonth Terrace","Yes","Wybone","WB",55.95504486175115,-3.2206780747992103
"Queensferry Road","Outside No. 2 Seaforth Terrace","Yes","Wybone","SB",55.957760140377275,-3.250091341778342
"Queensferry Road","At bus stop outside Cramond Brig","Yes","Wybone","EB",55.965508215120686,-3.31798048587723
"Queensferry Road","At junction of Clermiston Road","Yes","Derby Slimline","WB",55.96189522819445,-3.283144006882216
"Queensferry Road","Opposite 8 marischal place","No","Derby Standard","EB",55.95690564489769,-3.2475170850396355
"Queensferry Road","at bus stop 246360","Yes","Derby Slimline","NB",55.962545049802465,-3.3144195294761514
"Queensferry Road","opposite park","Yes","Wybone","WB",55.95466948403317,-3.2358014446015106
"Queensferry Road","At bus stop opposite Stewart Melville College","Yes","Wybone","EB",55.95493787519137,-3.2260241077041023
"Queensferry Road","at back gate to RHS","No","Routemaster","EB",55.96205657937871,-3.2831813856231804
"Queensferry Road","at bus stop 203610","Yes","Derby Slimline","EB",55.96197938282892,-3.283691445454982
"Queensferry Road","at bus stop 203630","No","Derby Slimline","EB",55.96270760811995,-3.2758659997303385
"Queensferry Road","Outside number 565","Yes","Derby Slimline","WB",55.960489508972444,-3.3032168736546588
"Queensferry Road","Opposite No. 551","Yes","Derby Slimline","EB",55.96037738917211,-3.2993686421541613
"Queensferry Road","Outside aitken builders","Yes","Derby Slimline","WB",55.96025538265435,-3.2998611280675845
"Main Street","At bus stop outside 1b","Yes","Wybone","EB",55.95651693583554,-3.4054968856720857
"Main Street","At footpath next to 1b opposite newsagent","Yes","Derby Standard","EB",55.95645917402553,-3.4050463095249115
"Main Street","Opposite 118 at footpath","Yes","Wybone","WB",55.95622450696325,-3.4043490698133847
"Main Street","At bus stop outside 21","Yes","Wybone","EB",55.95622240968489,-3.4029555034821506
"Main Street","At War Memorial","Yes","Derby Standard","EB",55.956272732056384,-3.4016919694472016
"Main Street","New liston Arms pub","Yes","Derby Standard","WB",55.95606856916156,-3.4022612037742643
"Main Street","Walkway at substation","Yes","Derby Slimline Green","EB",55.956551510755695,-3.4103353567151053
"Main Street","At bus stop outside 68","Yes","Derby Slimline","WB",55.95617754695936,-3.4037387188092385
"Main Street","At newsagent number 18","Yes","Wybone","WB",55.956341677251174,-3.405106120860158
"Station Road","At pathway to park","Yes","Neopolitan","EB",55.98785460555227,-3.3932326357384177
"Station Road","Opposite station","Yes","Barnsley","EB",55.98692546367307,-3.382379108765626
"Station Road","Outside station beneath bridge","No","Half Edinburgh","Not Applicable",55.986782109706205,-3.382341932968843
"Station Road","Top of footpath","Yes","Wybone","EB",55.98729596740454,-3.386992922413587
"Station Road","Next to power station","Yes","Neopolitan","NB",55.98809338780913,-3.3871978119309665
"Station Road","Outside school","Yes","Half Edinburgh","EB",55.98736652670878,-3.387909157253964
"Station Road","Outside school","No","Half Edinburgh","EB",55.98752553659115,-3.390543781273344
"Station Road","Within Park","No","Derby Standard Green","EB",55.98802960989496,-3.392854204942366
"The Vennel","at junction with Hawthorn Bank","No","Half Edinburgh","SB",55.98929475444913,-3.3954005066456823
"Kirkliston Road","At junction of scotstoun avenue","No","Half Edinburgh","SB",55.98366792175812,-3.3963518562609973
"Kirkliston Road","Lovers lane","Yes","Topsy","SB",55.984117749371606,-3.396303956872044
"Kirkliston Road","Outside 12 at Bus Stop","No","Amberol","NB",55.98691378926792,-3.396965796154209
"Ingliston Interchange","Over airport underpass","Yes","Wybone","WB",55.93690154586496,-3.359000322000863
"Cycle Track - Port Edgar To Dalmeny","Ferry glen walkway","Yes","Barnsley","EB",55.988844561491256,-3.3970674994112176
"Cycle Track - Port Edgar To Dalmeny","Ferry glen walkway","Yes","Barnsley","EB",55.98890731495072,-3.3931101990838797
"Bridleway - Port Edgar To Dalmeny","Beneath bridge on Ferry glen walkway","Yes","Barnsley","EB",55.98911456877534,-3.383483208222657
"Bridleway - Port Edgar To Dalmeny","At Junction","Yes","Barnsley","EB",55.98915319337705,-3.3888388426517
"Newhalls Road","Bottom of path","Yes","Brunel","WB",55.98959014244601,-3.3907301265179046
"Newhalls Road","Outside 20","Yes","Brunel","WB",55.98971974882222,-3.3919851948160327
"Newhalls Road","End of pier","Yes","Brunel","EB",55.98971165946624,-3.3895161384701122
"Newhalls Road","Outside Boat House","Yes","Brunel","EB",55.99052238377028,-3.3853450335520106
"Newhalls Road","Outside Anchor Inn","Yes","Brunel","WB",55.989783280054795,-3.3927249033331552
"Promenade -Cramond","","No","Barnsley","EB",55.9798083227128,-3.2792177161451526
"Promenade -Cramond","","No","Brunel","EB",55.9790854177691,-3.292527723066445
"Promenade -Cramond","","No","Brunel","EB",55.979042773639506,-3.291452539068842
"Promenade -Cramond","","Yes","Barnsley","EB",55.978880402166986,-3.289796426281229
"Promenade -Cramond","","No","Brunel","EB",55.97930576955613,-3.2869258368048286
"Promenade -Cramond","","Yes","Barnsley","EB",55.979650905588564,-3.29600832234676
"Promenade -Cramond","","Yes","Barnsley","EB",55.97960671990386,-3.296792144390267
"Promenade -Cramond","","No","Brunel","EB",55.979221238821005,-3.2932854933131126
"Promenade -Cramond","","Yes","Barnsley","EB",55.97962771813368,-3.29650436947344
"Promenade -Cramond","","Yes","Derby Standard Green","EB",55.980165122731755,-3.2576415344476084
"Promenade -Cramond","Swop","Yes","Derby Standard","EB",55.98083747575958,-3.259554540960142
"Promenade -Cramond","Bottom of path from car park","Yes","Barnsley","EB",55.97950083286452,-3.2974617128290356
"Promenade -Cramond","","Yes","Barnsley","EB",55.979797631756384,-3.2982890096423017
"Promenade -Cramond","","Yes","Barnsley","NB",55.98033731829134,-3.299941832785232
"Promenade -Cramond","","Yes","Derby Slimline","EB",55.97959116856086,-3.294852414350168
"Promenade -Cramond","","Yes","Barnsley","EB",55.97960559884449,-3.295189453737408
"Promenade -Cramond","","Yes","Barnsley","EB",55.97983110422809,-3.2813500045024067
"Promenade -Cramond","","Yes","Barnsley","EB",55.979743025991645,-3.2846325357991253
"Promenade -Cramond","On foreshore walk","Yes","Derby Slimline Green","WB",55.979486598149805,-3.2616100820009355
"Promenade -Cramond","ON prom","Yes","Derby Standard Green","NB",55.98096976472267,-3.2536288504808857
"Promenade -Cramond","","Yes","Barnsley","EB",55.98069101034878,-3.2996331607622174
"East Barnton Avenue","","Yes","Derby Slimline Green","NB",55.96444708740691,-3.2770927253541897
"East Barnton Avenue","","No","Routemaster","Not Applicable",55.96464038686653,-3.2775156212479972
"East Barnton Avenue","","Yes","Derby Slimline Green","NB",55.964367778183096,-3.280406292133645
"East Barnton Avenue","","Yes","Derby Slimline Green","NB",55.963749816582855,-3.2802096623399315
"East Barnton Avenue","Within park","Yes","Derby Slimline Green","NB",55.96456234318699,-3.2763756103474853
"East Barnton Avenue","Within park play area","Yes","Derby Slimline Green","EB",55.964245820996844,-3.277438537902788
"East Barnton Avenue","At staert of grassed area near 36","Yes","Derby Slimline Green","EB",55.9645645607412,-3.2796277982844355
"East Barnton Avenue","At start of grass area on corner near 36","No","Half Edinburgh","EB",55.96466569588294,-3.2794068522931927
"East Barnton Avenue","Opposite 12 At park entrance","Yes","Derby Standard","NB",55.96495740735211,-3.2764046386612224
"East Barnton Avenue","Outside Royal High School","Yes","Derby Standard","EB",55.96571015841231,-3.2809312544628932
"East Barnton Avenue","Outside Royal High School","Yes","Derby Standard","EB",55.965505392144955,-3.280748260770923
"Barnton Avenue","at corner with Barnton Avenue","Yes","Derby Double Slimline","NB",55.96651519423872,-3.276087449514805
"Barnton Gardens","at bus stop 203790","Not Applicable","Not Applicable","Not Applicable",55.96838776191523,-3.278344092499201
"Lovers' Lane","Outside 2","No","Neopolitan","EB",55.98357422000616,-3.391924636321395
"Lovers' Lane","at shopping centre","No","Neopolitan","EB",55.98360605000904,-3.39149301268924
"Lovers' Lane","Outside Scotnid","No","Neopolitan","EB",55.983569515609624,-3.39234120586238
"Lovers' Lane","Bus stop Opposite Summerville","No","Topsy","EB",55.98276169365379,-3.3850835138881386
"Lovers' Lane","Outside shops","No","Neopolitan","NB",55.98357186798378,-3.392132921107416
"Harbour Lane","At harbour slip","Yes","Brunel","EB",55.99107036651334,-3.398093655605868
"Hillwood Place","At start of pier","Yes","Brunel","EB",55.99086125539014,-3.3967234340535124
"Farquhar Terrace","At 52","No","Half Edinburgh","Not Applicable",55.990287685956766,-3.408437596492033
"Liston Place","Outside local shop","Yes","Derby Standard","WB",55.95555591585021,-3.4070317060741915
"Maybury Road","By bus stop at Walkway","Yes","Wybone","NB",55.95753882878301,-3.307778774802972
"Maybury Road","At lampost mfc136","Yes","Derby Slimline","NB",55.95853181986527,-3.3073477487339096
"Maybury Road","Halfway between lights and roundabout","No","Not Applicable","NB",55.95418574487748,-3.3104524916699
"Maybury Road","At start of walkway","Yes","Derby Slimline","SB",55.95917738232902,-3.3066326824075687
"Maybury Road","20 meters south of east craigs","Yes","Wybone","SB",55.947083128039516,-3.3141998071270966
"Maybury Road","Outside 11","Yes","Wybone","NB",55.94179511717087,-3.312931939460995
"Maybury Road","Opposite No. at bus stop","Yes","Wybone","SB",55.94179784592741,-3.312675856582282
"Riverside","East end of car park","Yes","Barnsley","EB",55.97922478268784,-3.2980774971497517
"Riverside","Top of steps in car park","Yes","Derby Slimline","NB",55.97963088552597,-3.2987642184025883
"Riverside","At end of prom before walkway","Yes","Barnsley","SB",55.9792009965608,-3.3011858164956487
"Riverside","In car park at bottom of Brae","No","Half Edinburgh","WB",55.974310703568925,-3.305636620613436
"Barnton Grove","At bus stop 246210","Yes","Derby Slimline","SB",55.961297072815036,-3.305871132123743
"Braehead Drive","Haugh Park play zrea","No","Half Edinburgh","EB",55.96489832708918,-3.3136662565490838
"Cramond Glebe Road","Top of steps from prom","Yes","Amberol","NB",55.97994803387088,-3.300217251353886
"Cramond Glebe Road","At junction with Cramond  Road North","No","Half Edinburgh","EB",55.97539477185153,-3.2991350268621846
"Cramond Road North","Bus stop at 27","No","Half Edinburgh","WB",55.97339678720945,-3.296023491937299
"Cramond Road North","At bus stop by cramond place","No","Half Edinburgh","WB",55.97456223891983,-3.29798540409241
"Turnhouse Road","By changing rooms","No","Half Edinburgh","SB",55.940634281645984,-3.3029341528751415
"Turnhouse Road","North corner of Leisure Centre","Yes","Derby Standard Green","SB",55.939530779446144,-3.301920488605012
"Allan Park","Outside recycling site at Leisure Centre","Yes","Neopolitan","Not Applicable",55.95841698468721,-3.4137830200816954
"Almondhill Road","opposite pathway into new development","Not Applicable","Derby Standard","SB",55.957447213898185,-3.397970283315387
"Carmel Road","At entrance to Allison Park","No","Derby Slimline","Not Applicable",55.95522253201348,-3.4094701692226566
"Gateside Road","By phone box on junction of New Liston Road","No","Derbt Slimline","NB",55.95218536385987,-3.4047473327581526
"Gateside Road","On corner half way up","Yes","Derby Standard","WB",55.95230134776092,-3.408755413619274
"Gateside Road","In kdis play area","Yes","Derby Slimline Green","NB",55.95176848724569,-3.4121313036042427
"Newliston Road","Outside number","Yes","Derby Slimline","SB",55.946292570444456,-3.4116597348543274
"Newliston Road","At bus stop opposite cottage","Yes","Derby Standard","SB",55.95274571819781,-3.404463331331836
"Newliston Road","At number 4 against railing","Yes","Derby Standard","NB",55.952401663035175,-3.404691105111027
"Old Liston Road","at street light 07FG","Yes","Derby Slimline","NB",55.93892066474645,-3.4080454362866144
"Old Liston Road","At bus terminus","Yes","Derby Slimline","NB",55.93758178974217,-3.408044882056669
"Old Liston Road","At bus near garage","Yes","Derby Slimline","SB",55.937751012011596,-3.4042407586208285
"Old Liston Road","Outside RBS","Yes","Derby Slimline","NB",55.93846148246058,-3.408124832740449
"Main Street","at bus stop 246060","Not Applicable","Not Applicable","WB",55.96559378135815,-3.2678545278487676
"Main Street","Opposite Greggs","Yes","Derby Standard","WB",55.96553913357376,-3.273155577587096
"Main Street","Outside Bank","Yes","Derby Standard","EB",55.9654916174149,-3.2742754620405154
"Main Street","Outside Church","Yes","Derby Standard","EB",55.96562492052275,-3.270066401232606
"Main Street","Bus stop at  McColls","Yes","Derby Standard","WB",55.96544467672969,-3.270989691515714
"Main Street","Outside The Norhet","Yes","Derby Standard","EB",55.96551830601508,-3.2725621293814817
"Quality Street","at bus stop 203660","Yes","Derby Standard","NB",55.96367528612238,-3.2735269026034626
"Quality Street","","Yes","Derby Standard Green","SB",55.963671222828886,-3.275657414952868
"Quality Street","By bench","Yes","Derby Slimline Green","SB",55.964238778180565,-3.2755158899375796
"Cramond Road North","at bus stop 203730","Yes","Derby Slimline","SB",55.975252572821816,-3.298986036806595
"Gamekeeper's Road","At corner with Whitehouse Road","No","Half Edinburgh","EB",55.9697603401569,-3.3068292164652866
"Ashburnham Gardens","End of lane","Yes","Barnsley","EB",55.98811279432002,-3.3870702648122957
"Ashburnham Road","Outside School gates","No","Half Edinburgh","EB",55.986111055878304,-3.386886374193206
"Ashburnham Road","At School gates","No","Half Edinburgh","EB",55.98623662454092,-3.3869068998133347
"Bo'Ness Road","At Lamppost 38 gz","No","Half Edinburgh","WB",55.98982403774186,-3.4057595830980403
"Bo'Ness Road","Opposite number 03","No","Half Edinburgh","EB",55.98998973294498,-3.4054129134345996
"Bo'Ness Road","At lamppost 13gz","No","Amberol","WB",55.98827820487362,-3.415209503290818
"Bo'Ness Road","At bus stop","Yes","Amberol","EB",55.98948738701795,-3.4100596744875755
"Bo'Ness Road","Opposite Lamppost 25gz","No","Amberol","EB",55.98964319060854,-3.409007303469066
"Bo'Ness Road","opposite  Lampostp 25gz","Yes","Amberol","EB",55.98846299369184,-3.414767401834782
"Bo'Ness Road","Outside play park at school entrance","No","Half Edinburgh","WB",55.98888943139563,-3.412057766724723
"Bo'Ness Road","Lamppost GZ02","No","Half Edinburgh","EB",55.986318202704915,-3.419994860366011
"Bo'Ness Road","Lamppost 03 GZ","Yes","Barnsley","WB",55.98628412048919,-3.4198333148560094
"Bo'Ness Road","at bus stop 203270","Yes","Amberol","EB",55.9866753258574,-3.419414851845219
"Builyeon Road","At footpath to Echline","No","Neopolitan","EB",55.98534051996148,-3.4159356877378375
"Builyeon Road","At bus stop opposite longcrook","No","Half Edinburgh","WB",55.98402084428887,-3.4095561336261357
"Builyeon Road","Opposite paths to Echline","No","Not Applicable","WB",55.98524135037281,-3.41596412092206
"Burgess Road","Playing field","No","Half Edinburgh","Not Applicable",55.98706748513262,-3.396089696964661
"Burgess Road","side entrance to primary school","No","Half Edinburgh","EB",55.98703726637653,-3.394790189848819
"Burgess Road","Opposite School","No","Topsy","WB",55.98709261651762,-3.3962509015757445
"Burgess Road","Playing field","No","Half Edinburgh","Not Applicable",55.987037362654526,-3.3955756559568475
"Canmore Street","In play area","No","Half Edinburgh","Not Applicable",55.98652573973866,-3.401071419917337
"Carlowrie Avenue","On grass opposite No. 1","No","Amberol","SB",55.980161557807705,-3.3749416461867665
"Carlowrie Crescent","Outside kids play area opposite 21","No","Amberol","WB",55.98068759159664,-3.3728928104266607
"Carlowrie Crescent","Within kids play area","No","Brunel","WB",55.98033823929856,-3.373601646459387
"Dundas Avenue","on corner of Stewart Clark Avenue","Yes","Neopolitan","WB",55.985161140826264,-3.3898497960860503
"Dundas Avenue","On corner of William Black Place","No","Neopolitan","WB",55.985381646688005,-3.393400151534667
"Dundas Avenue","In play area by leisure Centre","Not Applicable","Half Edinburgh","WB",55.984912258923046,-3.388013565168937
"Echline Avenue","Play park at Stoneyflats","No","Routemaster","Not Applicable",55.98740998203135,-3.409422991819048
"Echline Avenue","Play park at Stoneyflats","No","Routemaster","Not Applicable",55.987544345308365,-3.409459941470814
"Echline Avenue","Before end of avenue on grass verge","No","Half Edinburgh","NB",55.98899117635101,-3.4094484724988696
"Echline Gardens","At junction with gardens","No","Barnsley","EB",55.987026585818555,-3.4154362787905703
"Echline Rigg","At entrance to play area","No","Half Edinburgh","WB",55.98882179649733,-3.411686596260658
"Hopetoun Road","Outside Number 02","Yes","Amberol","WB",55.990133008332876,-3.4038791219645566
"Hopetoun Road","Opposite  police station","Yes","Brunel","EB",55.990906582974354,-3.39906566176493
"Hopetoun Road","Opposite  Church","Yes","Brunel","WB",55.9907074509103,-3.398401181272297
"Hopetoun Road","Outside Church","Yes","Brunel","EB",55.990780034091564,-3.3983396765965552
"Old Liston Road","Bs stop opposite 16","No","Neopolitan","SB",55.9387159064799,-3.4078779069908878
"Old Liston Road","Opposite 7","Yes","Derby Standard","EB",55.93979155813242,-3.408109060557959
"Pentland View Road","Outside School Gtes","Yes","Neopolitan","NB",55.956196252975204,-3.4091852192002357
"The Glebe","At top of steps at 79","No","Half Edinburgh","NB",55.95421625523289,-3.405525615404069
"The Glebe","Outside Health Centre down Brae","Yes","Neopolitan","EB",55.955786758685036,-3.4041249961577136
"Toddshill Road","In kids play area at Allison Park","No","Half Edinburgh","WB",55.954405357287364,-3.4102092553749497
"Toddshill Road","in play park","Not Applicable","Half Edinburgh","Not Applicable",55.95427850957489,-3.4103007406866173
"Toddshill Road","In kids play area at Allison Park","Not Applicable","Half Edinburgh","Not Applicable",55.954311684495224,-3.4097573909868863
"Wellflats Road","On Cyclpath at Almond","Yes","Half Edinburgh","EB",55.95384581216131,-3.4001788123779795
"Wellflats Road","On ffootpath after 28","No","Half Edinburgh","EB",55.954062245243456,-3.397736144122383
"Quality Street","Opposite 29","Not Applicable","Derby Slimline","NB",55.96444182303141,-3.2741288122840775
"Silverknowes Parkway","At bus terminus","Yes","Derby Standard","EB",55.97231662959224,-3.2711830095317915
"Silverknowes Parkway","By bottlebanks at Silverknowe Golf Course car park","Yes","Derby Standard","EB",55.97253359081064,-3.271927209452246
"Silverknowes Parkway","Opposite bus terminus","Not Applicable","Not Applicable","Not Applicable",55.97199794595921,-3.271589162943572
"Silverknowes Road","bus stop 203860","Not Applicable","Not Applicable","SB",55.9713385869651,-3.271920036194048
"Silverknowes Road","at bus stop opposite shops at no 50","No","Half Edinburgh","NB",55.96936716388153,-3.2705254941574298
"Silverknowes Road","Outside connoisseur travel services","Yes","Derby Slimline","SB",55.969254683306175,-3.2701052300198707
"Silverknowes Road East","At bus stop 203889","No","Amberol","EB",55.966575587189496,-3.26674914434156
"Silverknowes Road East","at bus stop 245990","Not Applicable","Not Applicable","NB",55.96690473616257,-3.2679454707104214
"Silverknowes Road East","at bus stop 203890","Not Applicable","Not Applicable","Not Applicable",55.96614083173513,-3.2644599700145047
"Silverknowes Road East","at bus stop 245980","Not Applicable","Derby Standard","WB",55.96614406198209,-3.2650208066259725
"Silverknowes Road East","at bus stop 203875","Not Applicable","Not Applicable","SB",55.967811723185335,-3.2688723490676055
"South Barnton Avenue","At triangle grass area","Yes","Neopolitan","WB",55.96629683488815,-3.2780828840842546
"The Green","At top of The Green","Yes","Derby Standard","NB",55.965628519013954,-3.271460319462837
"Loch Road","opposit number  2","Yes","Derbt Slimline","NB",55.98780083073471,-3.397190152311876
"Morison Gardens","Scotmid car park","No","Half Edinburgh","Not Applicable",55.98896112227533,-3.3986747693638835
"Ochil Court","On corner of Stewart Clark Avenue","Yes","Topsy","SB",55.98448139447802,-3.3895689460593053
"Rose Lane","Car park","No","Neopolitan","EB",55.99146346773834,-3.3990857806917876
"Rose Lane","Binks car park","Yes","Neopolitan","EB",55.9913319353239,-3.398006909061715
"Rose Lane","Binks car park","No","Neopolitan","EB",55.991382629630884,-3.399082860158331
"Rose Lane","Church yard","No","Topsy","EB",55.991274590216115,-3.3983094395081763
"Rose Lane","Car park","Yes","Neopolitan","EB",55.99138600913815,-3.3979928294849553
"Rose Lane","Church yard","No","Topsy","EB",55.991076258839904,-3.3983664043302086
"Scotstoun Avenue","Bus stop at Sommervile","No","Topsy","WB",55.982626962481696,-3.385078696613149
"Scotstoun Avenue","At bus stop","Yes","Topsy","WB",55.98241383707663,-3.3872508727219497
"Scotstoun Avenue","At bus stop","Yes","Neopolitan","WB",55.98195805336176,-3.391017096081832
"Scotstoun Avenue","At bus stop opposite Moubry grove","No","Topsy","WB",55.982585618917255,-3.3943253707864356
"Society Road","In George IV Park","No","Routemaster","EB",55.99118314654988,-3.410281734753432
"Society Road","In George IV Park","No","Half Edinburgh","EB",55.99110065893199,-3.4104230149398673
"Stewart Clark Avenue","Kempston place at junction with steeart clark avenue","Yes","Amberol","WB",55.98421037931543,-3.3912903201403215
"Stoneyflatts","At Stoneyflats","Yes","Topsy","NB",55.987343254785024,-3.4089717232957684
"The Loan","0pposite 22","No","Half Edinburgh","NB",55.98925155917364,-3.397627227296192
"The Loan","Scotmid Carpark at bottle bank","Yes","Derby Standard","NB",55.98910748350979,-3.397654089403079
"The Loan","Opposite 15","Yes","Derby Standard","SB",55.990159469856465,-3.397595867952036
"Cammo Walk","In car park at walkway entrance","No","Half Edinburgh","SB",55.95601418080792,-3.319307517974687
"Cammo Walk","At entrance to estate","No","Barnsley","WB",55.959661804708915,-3.3185185872620937
"Cammo Walk","At start of walkway","No","Barnsley","WB",55.956185702743504,-3.319233269036565
"Silverknowes Drive","O/s 36","Yes","Wybone S/L","EB",55.967631841948474,-3.2723751736163282
"Main Street","","Yes","Derby Slimline","WB",55.95623182797653,-3.401338114025032
"Glasgow Road","Next to news paper and magazine recycling point. Morrisons at the Gyle","Yes","Derby Standard","EB",55.93959175605658,-3.318156709370814
"Cramond Village","Near entrance to prom","No","Brunel","NB",55.980123625427375,-3.300607786416563
"Almondhill Steading","","Yes","Derby Standard","Not Applicable",55.95988207750625,-3.3948223124966117
"Burgess Road","O/so Queensferry primary school","Yes","Wybone S/L","WB",55.987107767694134,-3.3957064318089265
"Silverknowes Road","On cycle path cross junction","Yes","Neopolitan","NB",55.96679529805073,-3.26810210258681
"Glasgow Road","Outside number 16","Yes","Derby Auto Slimline","EB",55.942653009389716,-3.2938435006112856
"Promenade -Cramond","Next to constructor","Yes","Barnsley","SB",55.98032374555872,-3.299524679604237
"East Barnton Gardens","Outside church next to lampost EAF02","Yes","Derby Standard","WB",55.96533162691783,-3.2749751082759984
"Glasgow Road","Outside number 51","Yes","Derby Auto Slimline","WB",55.942053961005946,-3.296977693601085
"A8000 - Kirkliston To South Queensferry","","Not Applicable","Not Applicable","SB",55.96651166031027,-3.401325218566485
"Queensferry Road","Outside petrol station","Yes","Wybone","NB",55.95628348987104,-3.2432846579058725
"Main Street","","Yes","Wybone","EB",55.95629613734058,-3.403582840208891
"Huly Hill Road","O/s Xtreme karting","Yes","Derbt Slimline","WB",55.937064582873866,-3.4053365644403546
"Cramond Village","Next to seating area","Yes","Barnsley","SB",55.979814335678086,-3.3009660159782728
"Scotstoun Avenue","","No","Half Edinburgh","EB",55.98363126766026,-3.3964146487640257
"Long Craig Road","At gate to Dalmeny estate","No","Neopolitan","EB",55.99326255547149,-3.3733386118613513
"Barnton Park Drive","End of footpath","No","Topsy","NB",55.961385394892844,-3.2932351100992108
"Kirklands Park Street","Sports centre car park","Not Applicable","Neopolitan","Not Applicable",55.958071075497266,-3.414170855573739
"Kirklands Park Street","","Not Applicable","Neopolitan","Not Applicable",55.95792862626574,-3.4148384104658325
"Queensferry Road","Opposite No 5 claredon crescent","Yes","Wybone S/L","SB",55.95446042052054,-3.2152622999050764
"Main Street","Outside chip shop","Yes","Derby Standard","EB",55.95634888749936,-3.402896010751113
"Quality Street","Outside bank","No","Half Edinburgh","SB",55.96558827215278,-3.2744869082465926
"Lochend Road","","Yes","Brox S/L","EB",55.94221093699948,-3.4000310807617726
"Main Street","O/s scotmid","Yes","Wybone S/L","EB",55.956290271579846,-3.4009397972752144
"Main Street","","Yes","Derby Standard","EB",55.965723233119604,-3.270117684562602
"Loch Road","","Not Applicable","Not Applicable","Not Applicable",55.988488347347655,-3.398369147452964
"Marine Drive","Last bin before roundabout","Yes","Derby Standard","EB",55.97933491167746,-3.278945663263799
"School Brae","Entrance to walkway","No","Derby Standard","EB",55.97489406010687,-3.304005741779499
"Burgess Road","Outside school gate","Yes","Derby Standard","EB",55.98712990364146,-3.3953385420331585
"Main Street","Beside scotmid atm","Yes","Derby Standard","WB",55.95623182797653,-3.401338114025032
"Main Street","","Not Applicable","Amberol","EB",55.982098252333884,-3.3745135224105427
"The Loan","","Yes","Derby Standard","EB",55.989359525085035,-3.3976150927213395
"Silverknowes Road","Outside silverknowes stores","No","","SB",55.969895811236384,-3.270671003483639
"Abercromby Place","In corner at entrance to gardens","Yes","Derby Slimline","WB",55.95658578682678,-3.1945551053989134
"Albany Street","Outside No 6","Yes","Derby Slimline","EB",55.957015436525744,-3.1928705431457725
"Gayfield Square","in park at Gayfield Square","Yes","Amberol","NB",55.959268415294495,-3.1856677364274075
"Gayfield Square","At seating area at gayfield Square","Yes","Derby Double Slimline","NB",55.958478338591,-3.184666506583243
"Gayfield Square","In park at Gayfield Square","Yes","Brunel","SB",55.958942673960195,-3.184969012752579
"George Street","Outside number 71 Nationwide","Yes","Wheelie Bin","EB",55.95302892418843,-3.200883707422496
"George Street","Outside number 111 RBS","Yes","Wheelie Bin","EB",55.95252362350592,-3.2038628898564747
"George Street","Outside number 104 corner castle st","Yes","Wheelie Bin","WB",55.95243138075098,-3.203187392778908
"George Street","Outside number 74","Yes","Wheelie Bin","WB",55.952832083280235,-3.200797536126247
"George Street","Outside number 70","Yes","Wheelie Bin","WB",55.95296564053374,-3.200000906137811
"George Street","Outside number 69 outside fat face","Yes","Wheelie Bin","EB",55.953190054035794,-3.200023865314115
"George Street","At junction of Hanover Street","Yes","Wheelie Bin","WB",55.95344358876619,-3.1970528278326973
"George Street","Outside Lakeland corner of Hanover st","Yes","Wheelie Bin","WB",55.953527699607385,-3.196719097919965
"George Street","Outside number 10","Yes","Wheelie Bin","WB",55.95381536159715,-3.1948541441122322
"George Street","Outside star bucks","Yes","Wheelie Bin","WB",55.952317801962174,-3.2037764258218786
"George Street","Outside number 29 All Bar One","Yes","Wheelie Bin","EB",55.95370548929015,-3.1969167713567392
"George Street","Outside number 107 Lime Blue","Yes","Wheelie Bin","EB",55.952609941731446,-3.203305038492995
"George Street","Outside number 143  las guanas","Yes","Wheelie Bin","EB",55.95215059361872,-3.2061734826531367
"Bread Street","Outside number 31 at Bus stop","Yes","Neopolitan","EB",55.9458879258824,-3.2043134642284734
"Grindlay Street","Outside spirit of Thai opposite Usher Hall","No","Neopolitan","EB",55.94689468335943,-3.2051933984052106
"Grindlay Street","Outside number 03","Yes","Neopolitan","EB",55.94654672733826,-3.203100941936313
"West Maitland Street","Outside Boots pharmacy","Yes","Derby Standard","WB",55.946972595833785,-3.215556134282507
"West Maitland Street","Outside William Hills at 21","Yes","Derby Standard","EB",55.946723901366305,-3.216172839021931
"William Street","Before lane","Yes","Neopolitan","WB",55.9489236093101,-3.2136155661316836
"William Street","After Lane","Yes","Neopolitan","WB",55.948575009990684,-3.21434128126495
"George IV Bridge","Outside number 37 at bus stop","Yes","Wheelie Bin","SB",55.94735350217586,-3.19127635847606
"George IV Bridge","Outside National Library of Scotland","Yes","Wheelie Bin","SB",55.94863990512711,-3.1920524867548936
"Alva Street","Outside number 23","Yes","Neopolitan","WB",55.95015658941659,-3.21067550943117
"Alva Street","Outside number 24","Yes","Neopolitan","WB",55.950245315735785,-3.210790378336345
"Bread Street","Outside number 59","Yes","Neopolitan","EB",55.94589426654992,-3.2027444466649864
"Bread Street","Outside Number 71 Kingfisher","Yes","Neopolitan","EB",55.94588700250266,-3.2025680851923917
"Bread Street","Outside Blue Blazer","Yes","Neopolitan","NB",55.94592519627944,-3.203257802528645
"Bread Street","Outside Starbucks","Yes","Neopolitan","EB",55.94587884749893,-3.20524190091384
"Morrison Crescent","At bus stop before Morrison Link","Yes","Derby Standard","EB",55.94404109242359,-3.213959186826907
"Morrison Crescent","At bus stop before Morrison Link","Yes","Derby Standard","EB",55.94403935745391,-3.2141352606821085
"Blackfriars Street","Outside number  Scottish experience","Yes","Derby Double Slimline","EB",55.95042053672151,-3.1863100607337342
"Haymarket Terrace","Outside Apex Hotel","Yes","Derby Standard","EB",55.94607379721653,-3.22284568331109
"East Market Street","At entrance to Waverley Station","Yes","Wheelie Bin","EB",55.951368927555116,-3.188597129795649
"East Market Street","Opposite Jeffrey Street","Yes","Derby Slimline","EB",55.95149820639245,-3.1873039032812263
"Haymarket Terrace","Opposite sandwich shop","Yes","Derby Double","WB",55.94598933617518,-3.2204891876341906
"Haymarket Terrace","Outside tesco","Yes","Derby Standard","EB",55.94600797111007,-3.222235134038439
"Haymarket Terrace","Outside number 83","Yes","Derby Standard","WB",55.94588697591249,-3.221750948998794
"High Riggs","Opposite number 127","Yes","Neopolitan","WB",55.94413036002365,-3.203026006211389
"Heriot Row","Opposite number 10","Yes","Derby Slimline","WB",55.95559728172239,-3.200114373123487
"Heriot Row","Opposite number 03","Yes","Derby Slimline","WB",55.95579698622097,-3.1989833840666644
"Heriot Row","Opposite 31","Yes","Derby Slimline","WB",55.95509137361545,-3.203157807985742
"Heriot Row","Opposite India Street","Yes","Derby Slimline","WB",55.95472937515361,-3.2052606943059425
"High Riggs","","Yes","Derby Slimline","SB",55.94424697986785,-3.2030456342411173
"High Riggs","","Yes","Derby Slimline","SB",55.94440062486544,-3.202954328148399
"Howe Street","Outside number 38","Yes","Derby Slimline","NB",55.95659727803944,-3.202611909818637
"Howe Street","Outside number 25","Yes","Derby Slimline","SB",55.95658228111397,-3.2023071254712114
"South St David Street","Outside Jenners","Yes","Derby Slimline","NB",55.95322282545677,-3.1938749646079074
"Abbeyhill","Outside number 61","Yes","Derby Slimline","EB",55.953708485451436,-3.17419075744271
"Porteous' Pend","At underpass to Hotel car park","Yes","Derby Double Slimline","WB",55.94692671051779,-3.197300076602301
"Holyrood Road","Outside University in Corner","Yes","Derby Slimline","WB",55.94994020026583,-3.1792492020622922
"High Street","Outside 142","Yes","Wheelie Bin","WB",55.949978443742545,-3.188362350691428
"High Street","Just after 249","Yes","Derby Double Slimline","EB",55.95000263467779,-3.1895801601208373
"High Street","Outside Hector Russel, Opposite raddison hotel","Yes","Derby Double Slimline","EB",55.95028614248613,-3.187202743637506
"High Street","at taxi rank","Yes","Derby Double Slimline","WB",55.950229122669,-3.186592460830962
"Heriot Place","Outside School at Heriot Place","Yes","Neopolitan","EB",55.944990216585175,-3.1949986300218307
"Holyrood Road","Next to bus stop","Yes","Derby Auto Slimline","WB",55.94920639589599,-3.1826858540476204
"Holyrood Road","At bus stop opposite University","Yes","Derby Auto Slimline","WB",55.94989013289126,-3.1788473301540283
"Holyrood Road","Outside University","Yes","Derby Slimline","EB",55.94984684728902,-3.1796146851900677
"Holyrood Road","Opposite University at St John' Land","Yes","Derby Auto Slimline","EB",55.94962589351781,-3.1801684513358652
"Holyrood Road","Outside Scotsman offices","Yes","Derby Auto Slimline","WB",55.95082264512852,-3.17623330147251
"Holyrood Road","At bus stop outside Hotel","Yes","Derby Auto Slimline","EB",55.95074344429692,-3.176999587704669
"Holyrood Road","Outside Citi","Yes","Derby Auto Slimline","WB",55.95053683862495,-3.1769933180875114
"King's Stables Road","At pedestrian entrance to multi storey car park","Yes","Neopolitan","NB",55.9480998094783,-3.2032451915771127
"Hunter Square","Against Tron Kirk rear wall","Yes","Derby Double Slimline","NB",55.949848949785725,-3.1878139075724254
"Hunter Square","Ouside Apex Hotel","Yes","Derby Double Slimline","NB",55.94971436178836,-3.1877937720572196
"Jeffrey Street","Outside Apex Hotel","Yes","Derby Double","WB",55.951246648326155,-3.1863673577286358
"Jeffrey Street","outside Jury's Inn","Yes","Derby Double Slimline","WB",55.95127077799857,-3.185727512876876
"Keir Street","Outside shop on corner of Keir Street","Yes","Neopolitan","EB",55.94499416491157,-3.1973685282956104
"Abbey Close","At coach park outside Palace","Yes","Derby Double Slimline","NB",55.95365748664018,-3.1738849182277526
"King's Stables Road","At North most entrance to Princes Street Gardens","Yes","Neopolitan","EB",55.94877771765034,-3.204675415809785
"King's Stables Road","Opposite Depot entrance at KSR","Yes","Neopolitan","EB",55.94733805381669,-3.200275173715211
"King's Stables Road","Opposite number 06","Yes","Neopolitan","EB",55.947389568744235,-3.198675467677955
"King's Stables Road","Bottem of granny green steps","Yes","Derby Double Slimline","SB",55.94730768054884,-3.197856276103686
"King's Stables Road","On junction of Lothian Road","Yes","Neopolitan","EB",55.94903028466965,-3.2064127385302608
"Leith Street","Bus stop opposite John Lewis","Yes","Derby Double","SB",55.95554787767274,-3.1866591056860294
"Lady Lawson Street","Outside Art College at Lady Lawson Street","Yes","Neopolitan","NB",55.945050460868785,-3.1989714690422297
"Lady Lawson Street","Outside Companies House","Yes","Neopolitan","SB",55.94672771190098,-3.2020497146107414
"Lauriston Street","At Bus stop outside Sainsbury's","Yes","Derby Slimline","WB",55.945815215704535,-3.2016371431782424
"Leith Street","At crossining outside John Lewis","Yes","Derby Double","NB",55.95587762036129,-3.1869414762367225
"Leith Street","St Marys Catheral","Yes","Neopolitan","NB",55.956270396323625,-3.1872097648265965
"Leith Street","Police box at Cathederal","Yes","Neopolitan","EB",55.95611938521451,-3.1870289591886425
"Leith Street","Foot of steps at St James Centre","Yes","Neopolitan","NB",55.95404022081791,-3.1883266546898823
"Leith Street","Bus stop outside John Lewis","Yes","Derby Double","NB",55.955210886931326,-3.1871292797332615
"Leith Street","Outside Thisle Hotel","Yes","Derbt Slimline","NB",55.95422373650391,-3.1879318830603505
"Leith Street","Outside Deli Fresco","Yes","Derby Double","SB",55.95430130858714,-3.187341673607744
"Leith Street","Outside Access point","Yes","Amberol","WB",55.953989874616155,-3.1879567508763715
"Leith Street","Outside Register House","Yes","Wheelie Bin","EB",55.95360348603205,-3.188889832012362
"Lothian Road","Outside Cost Cutter","Yes","Derby Auto Slimline","NB",55.94565396507114,-3.205266938792676
"Kennedy Walk","Outside Job Centre","Yes","Derby Standard","WB",55.945294607752174,-3.2025016851118915
"Mansfield Place","Opposite Church","Yes","Amberol","NB",55.95967883849404,-3.1915589118703096
"Market Street","Outside the Hebtidees","Yes","Derby Double Slimline","WB",55.95093562455844,-3.190665728626321
"Market Street","At foot of Fleshmarket Close","Yes","Derby Double Slimline","WB",55.95117580903264,-3.189055633230182
"Lansdowne Crescent","Outside number 12","Yes","Derby Standard","WB",55.94733324175136,-3.2181615439678737
"Lansdowne Crescent","Outside number 11","Yes","Neopolitan","WB",55.94745302384942,-3.2178610572605644
"Merchant Street","On corner outside oz bar","Yes","Derby Slimline","SB",55.94753393532795,-3.192130590922007
"Lothian Road","Outsid Filmhouse","Yes","Derby Auto Slimline","NB",55.946402879096354,-3.2058666611092956
"Lothian Road","outside no97 Wonderland Models","Yes","Derby Slimline","SB",55.9463343064814,-3.205528265374001
"Lothian Road","Outside Shakespear","Yes","Wybone","SB",55.94749908994439,-3.205868712154068
"Lothian Road","Outside Odeon Cinema","Yes","Derby Double Slimline","NB",55.94560560580801,-3.205617706418861
"Lothian Road","At bus stop opposite Caledonian Hotel","Yes","Derby Auto Slimline","SB",55.9495843941136,-3.2067182235599168
"Lothian Road","Outside Church opposite Caledonian Hotel","Yes","Derby Auto Slimline","SB",55.94988918078505,-3.2067917620399697
"Lothian Road","Outside Nail and Beuty Shop","Yes","Derby Auto Slimline","SB",55.94514889413898,-3.2054594041930375
"Melville Street","Outside number 44","Yes","Neopolitan","WB",55.94937510452794,-3.214302274479601
"Melville Street","Outside number 28","Yes","Neopolitan","WB",55.950201050524925,-3.2125505571563906
"Melville Street","Outside number 42","Yes","Neopolitan","WB",55.949815895891305,-3.2133392181541547
"Melville Street","Outside number 61","Yes","Neopolitan","EB",55.949076134562205,-3.2154619172549985
"Melville Street","Outside number 04","Yes","Neopolitan","WB",55.95096314870909,-3.210892859726589
"Melville Street","Outside number 01","Yes","Neopolitan","EB",55.95108623224343,-3.2111689498102454
"Melville Street","Outside number 19","Yes","Neopolitan","EB",55.95066405309406,-3.212068585986868
"Morrison Street","Oustide Conference Centre","Yes","Neopolitan","WB",55.94578335371017,-3.208569503605346
"Melville Street Lane","by no 15","Yes","Derby Standard","WB",55.951467301565664,-3.212622173756016
"North Bridge","At bus Stop","No","Wheelie Bin","NB",55.95186344574465,-3.1885642404532657
"North Bridge","Bus stop","No","Wheelie Bin","SB",55.95179513451371,-3.1881938067444007
"North Bridge","Bus stop after Scotsman Hotel","No","Wheelie Bin","NB",55.951568402565556,-3.1884110664809917
"North Bridge","Bus stop opposite Hotel","No","Wheelie Bin","SB",55.95158062749627,-3.1880751322413596
"North Bridge","At bus stop","No","Wheelie Bin","SB",55.95200979579883,-3.1882964724220835
"Morrison Street","Outside number 222, corner of Torphican Street","Yes","Neopolitan","WB",55.946233196977204,-3.213995759813261
"Morrison Street","Outside number 210","Yes","Neopolitan","WB",55.94623083671857,-3.213323158720763
"Morrison Street","Outside number 192","Yes","Neopolitan","WB",55.94622122293493,-3.2124741930142453
"Princes Street","Outside La Senza","Yes","Derby Double","SB",55.95108881045908,-3.2026492931173625
"Regent Road","Outside St Andrew House","Yes","Derby Slimline","WB",55.95388149629843,-3.1852147544391944
"Princes Street","Opposite primary","Yes","Derby Double","WB",55.95189741862785,-3.198046071457603
"Princes Street","Outside number 89","Yes","Wheelie Bin","EB",55.951954739368986,-3.1976955147098427
"Princes Street","Outside number 77","Yes","Wheelie Bin","EB",55.95202026403039,-3.1974252847528786
"Princes Street","Outside number 79","Yes","Wheelie Bin","EB",55.95206922234665,-3.1970104081945476
"Princes Street","Opposite Gap","Yes","Derby Double","WB",55.95175867410606,-3.1975293120472092
"Princes Street","Outside Register House","Yes","Wheelie Bin","EB",55.95344737930709,-3.189237386972234
"Princes Street","at east entrance","Yes","Silo Bin","Not Applicable",55.9524170187618,-3.1926490296160424
"Princes Street","to east of fountain","Yes","Silo Bin","Not Applicable",55.9502084988292,-3.202621997373822
"Princes Street","at bottom of steps by statue","Yes","Silo Bin","Not Applicable",55.95063685897641,-3.202923537571209
"Princes Street","near playground","Yes","Silo Bin","Not Applicable",55.95018560142447,-3.2040465479129847
"Princes Street","at bottom of west entrance steps","Yes","Silo Bin","Not Applicable",55.95039508518439,-3.2046776067209892
"Princes Street","to east of ross bandstand","Yes","Silo Bin","Not Applicable",55.95086803482538,-3.199487602789464
"Princes Street","to west of Scots Greys monument","Yes","Silo Bin","Not Applicable",55.95125242410266,-3.1996916656975567
"Princes Street","to west of Ross bandstand","Yes","Silo Bin","Not Applicable",55.95055678845466,-3.200999336670136
"Princes Street","to west of war memorial","Yes","Silo Bin","Not Applicable",55.95080870347491,-3.201887930063572
"Princes Street","by statue","Yes","Silo Bin","Not Applicable",55.952111890308394,-3.194465349363156
"Princes Street","by public toilets","Yes","Silo Bin","Not Applicable",55.95192183167498,-3.195532491705599
"Princes Street","east of Ross bandstand","Yes","Silo Bin","Not Applicable",55.951112647050046,-3.1983581356694577
"Princes Street","Opposite new look","Yes","Derby Double","WB",55.95067286081304,-3.2038374729014993
"Princes Street","Opposite 118","Yes","Derby Double","WB",55.95081542028975,-3.2030411765152036
"Princes Street","Opposite Castle Street","Yes","Derby Double","WB",55.95086189711161,-3.202882473702226
"Princes Street","Outside 141 At Bank","Yes","Wheelie Bin","EB",55.9503720544153,-3.2070309854734735
"Princes Street","Outside number 134","Yes","Wheelie Bin","EB",55.95059198053055,-3.2056766109350194
"Princes Street","Outside vans","Yes","Wheelie Bin","EB",55.95084985686914,-3.204115211978096
"Princes Street","Outside number 118 on corner of Castle Street","Yes","Wheelie Bin","EB",55.95104928492204,-3.2030164014421336
"Princes Street","Opposite 115, Debenhams","Yes","Derby Double","WB",55.95099671707416,-3.201957814208206
"Princes Street","Opposite 117","Yes","Derby Double","WB",55.95093829072896,-3.2024204232511546
"Regent Road","Before Calton terrace Brae","Yes","Derby Slimline","EB",55.956093988352464,-3.1727894672238386
"Regent Road","Before St Andrew House","Yes","Derby Slimline","WB",55.953352092774026,-3.1823318137961407
"Regent Road","","No","Derby Round","EB",55.955123937559854,-3.1812166548497274
"Regent Road","Carlton hill","No","Derby Round","EB",55.95511234526634,-3.181488576292377
"Regent Road","","No","Derby Round","EB",55.9551265464181,-3.1809444596839853
"Regent Road","Foot of steps to Calton Hill","No","Derby Standard","EB",55.95412603434468,-3.185014023181259
"Regent Road","Opposite St Andrew's House","No","Derby Standard","EB",55.954106935703244,-3.184196636786717
"Regent Road","Within park","Yes","Routemaster","WB",55.95453775963989,-3.1758014399813086
"Regent Road","Within park","Yes","Routemaster","WB",55.95528521449107,-3.1737419960634243
"Regent Road","Within Park","Yes","Routemaster","WB",55.95559734015561,-3.1730467246881555
"Regent Road","Carlton hill","No","Derby Round","EB",55.95516432025651,-3.182627308050667
"Regent Road","Carlton hill","No","Derby Round","EB",55.95518013442657,-3.182852016849557
"Regent Road","Carlton hill","No","Derby Round","EB",55.95505283778771,-3.183008295343852
"Regent Road","Carlton hill","No","Derby Round","EB",55.9549719923226,-3.183005829086363
"Regent Road","Carlton hill","No","Derby Round","EB",55.954781508217856,-3.1831922104613
"Regent Road","Carlton hill","No","Derby Round","EB",55.95475256098908,-3.1833995353386673
"Regent Road","Carlton hill","No","Derby Round","NB",55.954762620106884,-3.1832877302338267
"Regent Road","Carlton hill","No","Derby Round","NB",55.955133683251674,-3.183010761613972
"Regent Road","Carlton hill","No","Derby Round","NB",55.95489130056693,-3.1829873514688036
"Regent Road","Bin before Burns Monument","Yes","Derby Slimline","WB",55.95427007421334,-3.176546066128681
"Regent Road","At Bus stop past burns monument","Yes","Derby Slimline","WB",55.953542376051175,-3.178413817628643
"Princes Street","Opposite 108 at entrance to gardens","Yes","Derby Double","WB",55.95114793510179,-3.201193801748459
"Princes Street","Opposite 106 at entrance to Gardens","Yes","Derby Double","WB",55.95119565787022,-3.200907017391751
"Princes Street","Opposite 103, Boots","Yes","Derby Double","WB",55.95127188813958,-3.200460968757529
"Princes Street","Outside next","Yes","Wheelie Bin","EB",55.95138289180552,-3.201056946614843
"Princes Street","Outside number 101, Boots","Yes","Wheelie Bin","EB",55.95152543340867,-3.20026062521939
"Princes Street","Outside number 46","Yes","Wheelie Bin","EB",55.95277230110413,-3.1930763506007827
"Princes Street","Opposite number 25 at Waverly Court","Yes","Derby Double Slimline","WB",55.95289899129813,-3.191126386410316
"Princes Street","Opposite number 18, North British Hotel","Yes","Derby Double Slimline","WB",55.95293786265343,-3.190823290084259
"Princes Street","Top of Waverly Steps","Yes","Wheelie Bin","WB",55.953013901910104,-3.190393211695382
"Princes Street","Outside Balmoral Hotel","Yes","Wheelie Bin","WB",55.95311797033897,-3.1898518842560635
"Princes Street","Outside Balmoral Hotel","Yes","Wheelie Bin","WB",55.95317604059788,-3.189421250933642
"Princes Street","Opposite 64 BHS","Yes","Derby Double","WB",55.9521665415763,-3.195315825516667
"Regent Terrace","","No","Derby Round","EB",55.95456851084513,-3.1791657148289882
"Royal Terrace","","No","Derby Round","EB",55.9553339188444,-3.180870693588854
"South Bridge","Outside number 18","Yes","Wheelie Bin","SB",55.949094202951336,-3.1868780152766916
"Princes Street","Outside  3store","Yes","Wheelie Bin","EB",55.95230545075469,-3.1958165723638836
"Princes Street","Outside number 64, BHS","Yes","Wheelie Bin","WB",55.95237112665249,-3.1955303264806196
"Princes Street","Outside number 62 M&S","Yes","Wheelie Bin","EB",55.952410785254436,-3.195147187446809
"Princes Street","Outside number 54, M&S","Yes","Wheelie Bin","EB",55.95250666773362,-3.1945255531544943
"Princes Street","Opposite 64 BHS","Yes","Derby Double","WB",55.95210086617969,-3.1956020702653785
"Princes Street","Opposite 51, Jenners","Yes","Derby Double","WB",55.95239547736597,-3.193945586512556
"Princes Street","At Scott Monument","Yes","Derby Double Slimline","WB",55.952480355197274,-3.193531807148072
"Princes Street","Outside Register House","Yes","Wheelie Bin","EB",55.95352171384111,-3.1889834182726147
"Princes Street","Outside number 24","Yes","Wheelie Bin","EB",55.953114733405386,-3.1911169971453424
"Princes Street","Opposite 97","Yes","Derby Double","WB",55.9515001018937,-3.1991708418511466
"Princes Street","Opposite 91, thebody shop","Yes","Derby Double","WB",55.951615060168294,-3.198437718023692
"Princes Street","Outside number 98","Yes","Wheelie Bin","EB",55.95185915235168,-3.1982851120509324
"Queen Street","Outside number 23","Yes","Neopolitan","WB",55.954748026314526,-3.1987427441442597
"Queen Street","Outside number 09","Yes","Neopolitan","WB",55.95517761232017,-3.196145380956217
"Queen Street","Outside number 14","Yes","Neopolitan","WB",55.954977311582255,-3.197340412278179
"Queen Street","Opposite number 18","Yes","Neopolitan","EB",55.9550313199293,-3.1982550004534342
"Queen Street","Outside number 37","Yes","Neopolitan","WB",55.95442328232306,-3.200718678169811
"Queen Street","Outside number 18","Yes","Neopolitan","WB",55.95483416583911,-3.1982008604007715
"Queen Street","Opposite number 37","Yes","Neopolitan","EB",55.95459270682662,-3.200852051717204
"Queen Street","Outside number 29","Yes","Derby Double","WB",55.954624394944695,-3.1994436259522248
"Queen Street","Outside 61","Yes","Derby Double Slimline","WB",55.95375526458574,-3.2047179199981892
"Queen Street","Outside number 01","Yes","Derby Slimline","NB",55.95592433278347,-3.1932694249890763
"Queen Street","Outside number 77","Yes","Derby Double","WB",55.95340379049454,-3.206660892450035
"Queen Street","Outside number 09","Yes","Neopolitan","EB",55.95356328490394,-3.206890072884046
"Queen Street","Outside number 54","Yes","Neopolitan","WB",55.953975322099026,-3.203347403257614
"South Bridge","Outside number 90","Yes","Topsy","NB",55.94893995277358,-3.1870334315576363
"South Bridge","At Tron near South Bridge","Yes","Wheelie Bin","NB",55.94990546998627,-3.18754340021534
"South Bridge","Outside 61tesco","Yes","Topsy","SB",55.94746657333708,-3.1860756031348
"South Bridge","Outside number 54 Blackwells Books","Yes","Wheelie Bin","SB",55.94769935640761,-3.1861627863164257
"South Bridge","On corner of Chambers Street","No","Topsy","NB",55.947938193559075,-3.1865544064753704
"Queen Street","Outside number 58","Yes","Neopolitan","WB",55.953879707996144,-3.2039370169277785
"Queen Street","Opposite number 63","Yes","Neopolitan","EB",55.95388703152037,-3.205026311451496
"Queen Street","Outside number 43","Yes","Neopolitan","WB",55.95421332996928,-3.201977427594384
"Queen Street","Opposite number 02","Yes","Neopolitan","EB",55.95551867573987,-3.1952589856080227
"Queen Street","Outside number 02","Yes","Neopolitan","WB",55.955330192474506,-3.1952371598722573
"Rose Street","Outside Master Taylor opposite 113","Yes","Derby Double Slimline","WB",55.95196857429703,-3.201811768982573
"South Gray's Close","Outside Museum of Childhood","Yes","Derby Slimline","WB",55.95041089122433,-3.185444997948961
"St Andrew Square","Outside IBM.  NW Corner","Yes","Neopolitan","NB",55.95473765971635,-3.1942579359939676
"St Giles Street","Outside High Court","Yes","Derby Double Slimline","EB",55.949636067555225,-3.1921791849586048
"Castle Street","Outside number 33","Yes","Derby Double","SB",55.9522421173056,-3.2032455812988334
"Castle Street","Outside number 21","Yes","Derby Double","SB",55.95196521475372,-3.2030768416381883
"Castle Street","Outside number 20strada","Yes","Derby Double","SB",55.95164308551429,-3.2029387312359674
"Castle Street","Outside number 20","Yes","Derby Double","SB",55.95161363621544,-3.203194053870656
"Castle Street","Outside number 34","Yes","Derby Double","NB",55.95220305909612,-3.20356466945846
"Charlotte Lane","Outside West Register House","Yes","Neopolitan","NB",55.95171985510378,-3.2088665890404817
"Charlotte Square","Opposite West Register House","Yes","Neopolitan","NB",55.95175861295036,-3.2085795302442217
"Chester Street","Outside number 13","Yes","Neopolitan","EB",55.95005854836084,-3.2160692118703147
"Chester Street","Outside number 18","Yes","Neopolitan","WB",55.94982325933447,-3.2162379894611126
"Queensferry Street","Opposite Wannaburger","Yes","Derby Standard","SB",55.95052514928445,-3.2088293528685616
"Queensferry Street","Outside number 19","Yes","Derby Standard","NB",55.95097905185104,-3.2101887179496815
"Queensferry Street","Outside Mathers","Yes","Derby Double","NB",55.95029332524559,-3.208645971374388
"Queensferry Street","Outside Wannaburger","Yes","Derby Double","WB",55.95046936792614,-3.209019785871321
"Queensferry Street","Outside  big issue shop","Yes","Derby Slimline","SB",55.95094736547486,-3.2097553379882697
"Queensferry Street Lane","Outside number 11","Yes","Neopolitan","NB",55.94957791798734,-3.211041781608537
"Rose Street","Outside Rose Street Brewery. No 57","Yes","Derby Double Slimline","WB",55.952491167858405,-3.198897198150306
"Rose Street","Outside TSB","Yes","Derby Double Slimline","WB",55.95276816882018,-3.197208147994017
"Rose Street","Outside Skipton Building Society at Frederick Street","Yes","Derby Double Slimline","WB",55.95232168664044,-3.199692710861218
"Rose Street","Outside  91","Yes","Derby Double Slimline","WB",55.952101045655,-3.2011272310833894
"Rose Street","Outside chip shop","Yes","Derby Double Slimline","WB",55.95226248902434,-3.200235390147896
"Antigua Street","Outside Deep Sea 2","Yes","Derby Double Slimline","NB",55.95777336781019,-3.185093451535482
"Antigua Street","Outside Hi Thai","Yes","Derby Double Slimline","NB",55.958126315261104,-3.184831942888076
"Antigua Street","Seating area at Gayfield Square","Yes","Derby Double Slimline","NB",55.95855127863306,-3.1845566120595703
"Waverley Bridge","At Tour Bus stop","Yes","Wheelie Bin","NB",55.952072111739376,-3.1920779012119267
"Union Place","Outside 46","Yes","Derby Double Slimline","SB",55.96002956101262,-3.1821990477769377
"Gayfield Place","Outside 1 Gayfield Place","Yes","Topsy","NB",55.95881578163961,-3.184148232834495
"Bailie Fyfe's Close","Outside number 60","Yes","Derby Double Slimline","WB",55.95052751396861,-3.185464576613421
"The Mound","outside gallery side entrance","Yes","Silo Bin","Not Applicable",55.95133486834862,-3.1949058432107083
"The Mound","At bus stop outside gallery","Yes","Neopolitan","SB",55.95138267871574,-3.196460736294377
"The Mound","Down from Playfair steps","Yes","Neopolitan","SB",55.95024732891951,-3.194936395698737
"The Mound","On bend northwards","Yes","Neopolitan","NB",55.9503707317848,-3.196109235726125
"Union Street","ouside no 9","Yes","Neopolitan","SB",55.957892503818826,-3.185785836860283
"Waterloo Place","After bus stop C","Yes","Derby Slimline","WB",55.95364911061836,-3.1869533479893284
"Waterloo Place","After bus stop D","Yes","Derby Slimline","WB",55.953706245750965,-3.1866187694799364
"Waterloo Place","Outside number 04","Yes","Wheelie Bin","EB",55.9536290183914,-3.1881058526652417
"Waterloo Place","After bus stop B","Yes","Derby Slimline","WB",55.953572929034465,-3.1873994511173938
"Waterloo Place","at old GPO","Yes","Wheelie Bin","WB",55.95333801723387,-3.188465292649002
"Waverley Bridge","Outside travel shop","Yes","Wheelie Bin","SB",55.95101089929215,-3.191244560621101
"Waverley Bridge","at bottom of slope","Yes","Silo Bin","Not Applicable",55.95188377886712,-3.1929689436488107
"Waverley Bridge","At North of Waverley Bridge","Yes","Wheelie Bin","WB",55.95264809535382,-3.1919834990768234
"Waverley Bridge","Outside Mr Chan's","Yes","Wheelie Bin","SB",55.951753376346275,-3.191587661000002
"Waverley Bridge","Opposite exit to Station","Yes","Wheelie Bin","NB",55.95157139768141,-3.191822290687956
"Rose Street","Outside TG1 Fridays","Yes","Derby Double Slimline","NB",55.95168237136709,-3.2035164818250887
"Rose Street","Outside number 165","Yes","Derby Double Slimline","WB",55.95143411151928,-3.2050141581310116
"Rose Street","Outside number 148, Telephone exchange","Yes","Derby Double Slimline","WB",55.95150121735639,-3.204583845907478
"Rose Street","Opposite Zara Turkish","Yes","Derby Double Slimline","WB",55.95157730446219,-3.2041538110646606
"Rose Street","Outside Abbey Building Society","Yes","Derby Double Slimline","WB",55.95286421716457,-3.1965705027707747
"Rose Street","Back of dome","Yes","Derby Double Slimline","WB",55.95305692519645,-3.195231160544698
"Rose Street","Rear ot the Dome 17a","Yes","Derby Double Slimline","WB",55.95320561833394,-3.1947232505787224
"Rose Street","Outside Sainsbury Central","Yes","Derby Double Slimline","WB",55.953319929757576,-3.194054123679258
"North Castle Street","Outside number 47","Yes","Neopolitan","SB",55.95312703282731,-3.2037214667095806
"Old Assembly Close","Outside number 174","Yes","Wheelie Bin","WB",55.949891420763365,-3.1890002448620516
"West Bow","Outside number 26","Yes","Derby Double Slimline","NB",55.94846549448653,-3.194289007139235
"West Port","On Corner of Lady Lawson Street opposite Hotel","Yes","Neopolitan","NB",55.94627278215622,-3.200786639413944
"West Port","Outside number 77","Yes","Neopolitan","EB",55.94589278184301,-3.201975805973416
"West Port","Across from nails shop","Yes","Neopolitan","EB",55.94649082252397,-3.198695734197003
"West Port","Outside Pub","Yes","Derby Double Slimline","NB",55.94692157608881,-3.197828340624077
"Circus Place","At bus stop","Yes","Derby Slimline","EB",55.9570821720226,-3.204484921490263
"Rosebery Crescent","Outside number 21","Yes","Derby Standard","SB",55.94695053948575,-3.219606696407578
"Rothesay Mews","At bus stop opposite Douglas Crescent","Yes","Derby Standard","SB",55.950141147556636,-3.219530863673279
"Rutland Square","Outside number 07","Yes","Wybone","WB",55.948567223220806,-3.20873630801185
"Rutland Square","Outside number 20","Yes","Wybone","NB",55.94854818546242,-3.209760578755253
"World's End Close","At Worlds end close","Yes","Derby Double Slimline","WB",55.95054573446879,-3.18450427720248
"Fleshmarket Close","outside cafe at no 63","Yes","Derby Double","NB",55.950604924797,-3.1886217598235413
"Lady Stair's Close","Writers Close","Yes","Neopolitan","NB",55.949623669368954,-3.1934599165260713
"Roxburgh's Close","Before Mary King's Close","Yes","Derby Double Slimline","EB",55.949854438166184,-3.190968832827731
"Jackson's Close","Outside number 215","Yes","Wheelie Bin","EB",55.95008361248149,-3.1886378123782664
"Bull's Close","Outside 140 next to museum of edinburgh","Yes","Derby Double","WB",55.95172054193028,-3.1781823009865264
"Blenheim Place","Down from Greenside Parish Church","Yes","Derby Standard","WB",55.957427378364706,-3.1827603961298676
"Brunton Place","Outside number 20 Brunton Place","Yes","Derby Double","EB",55.95771836186745,-3.172998768679567
"Brunton Place","Outside toilets","Yes","Derby Standard","WB",55.95754494374251,-3.173281831126503
"Brunton Place","In park opposite number 1 Bruntion Place","Yes","Derby Standard","WB",55.95755205577339,-3.1753642747834476
"Brunton Place","On corner of Hillside Cresent","Yes","Derby Standard","EB",55.95778560987936,-3.1753713542424964
"York Place","At bus stop outside Church","Yes","Wheelie Bin","EB",55.95666026749682,-3.1887112638168933
"York Place","Outside number 9","Yes","Wheelie Bin","WB",55.95592077757217,-3.19177978039462
"York Place","Outside number 12","Yes","Wheelie Bin","EB",55.956098265392484,-3.1920094672901658
"Cornwall Street","Opposite number 15","Yes","Neopolitan","NB",55.94735048684596,-3.2036062602342095
"Cornwall Street","Opposite number 1","Yes","Neopolitan","NB",55.94686829976447,-3.2042157981214685
"Shandwick Place","At. The co-operative","Yes","Derby Double Slimline","EB",55.94958167330283,-3.2097447706053552
"Shandwick Place","Outside morrisons","Yes","Derby Slimline","EB",55.94971026063976,-3.209460529479827
"Shandwick Place","Within Park","Yes","Derby Standard","EB",55.94831341458953,-3.212619656637356
"Shandwick Place","o/s no 11","Yes","Wybone","WB",55.94807938497182,-3.211747621661287
"Shandwick Place","o/s no 6","Yes","Wybone","WB",55.94840827275205,-3.2111974251914996
"Shandwick Place","Outside Casino","Yes","Derby Double Slimline","WB",55.949956062782626,-3.2082190958327814
"Shandwick Place","Outside pound stretcher","Yes","Barnsley","WB",55.94937491287777,-3.2097543358473457
"Shandwick Place","At. British heart. Foundation","Yes","Derbt Slimline","WB",55.94948050519178,-3.2099818235790742
"Shandwick Place","Bin is back. At. St.George's Church","Yes","Derby Double Slimline","EB",55.94934277667051,-3.210281789930242
"North Castle Street","Outside number 60","Yes","Neopolitan","NB",55.953669193100524,-3.2043308717684442
"North Castle Street","Outside number 34","Yes","Neopolitan","NB",55.95269507810171,-3.2037881359643547
"North Castle Street","Outside number 46","Yes","Neopolitan","NB",55.9530611815101,-3.2040237145084327
"North Castle Street","Outside number 67","Yes","Neopolitan","SB",55.95377081979176,-3.204045746099159
"Canongate","Outside number 253","Yes","Derby Double","EB",55.9509142106953,-3.182625828680955
"Douglas Gardens","Outside Belford Hostel","Yes","Derby Standard","SB",55.950953922767766,-3.220933668058675
"Drumsheugh Gardens","o/s no 6","Yes","Derby Slimline","NB",55.95154404662304,-3.2121281161734294
"Drumsheugh Gardens","Outside number 03","Yes","Derby Standard","NB",55.95151977541554,-3.2118551071763557
"Earl Grey Street","Outside sainsburys","Yes","Derby Auto Slimline","NB",55.94402833507535,-3.204271749017293
"Earl Grey Street","Outside Tesco Direct","Yes","Derby Auto Slimline","NB",55.94440974326644,-3.204779953806787
"East Fountainbridge","On corner of Lothian Road next to bus stops/b","Yes","Derby Auto Slimline","SB",55.94479615905056,-3.204775942111883
"East Fountainbridge","Opposite 38 at Bus Stop","Yes","Derbt Slimline","WB",55.94498917910825,-3.204333599855359
"East Fountainbridge","Opposite Kennedy Walk","Yes","Derbt Slimline","WB",55.94553909319495,-3.2032298145078038
"Spittal Street","Outside castello italiano","Yes","Neopolitan","EB",55.94673028991802,-3.2027063166088485
"Spittal Street","Opposite  spittal street clinic","Yes","Neopolitan","WB",55.94667006652797,-3.2024322333673267
"Stafford Street","Outside number 12","Yes","Neopolitan","SB",55.94952229060464,-3.2112161977590623
"Bristo Place","Outside Hotel","Yes","Derby Double Slimline","SB",55.94616884320263,-3.1901991677023482
"Bristo Place","At bus stop outside Charity venue","Yes","Derby Double Slimline","SB",55.946171471624396,-3.1899270362356185
"Broughton Street","First bus stop on left going North","Yes","Topsy","NB",55.957237792725486,-3.188456678351227
"Broughton Street","Outside number 56","Yes","Topsy","NB",55.958702646412796,-3.1902955534087254
"Broughton Street","Oustide Stafford Centre","Yes","Topsy","SB",55.958758708336134,-3.1900730269602704
"Broughton Street","Outside number 69","Yes","Topsy","SB",55.95802194648803,-3.1891374244836705
"Broughton Street","Outside number 2 THE sTREET","Yes","Derby Double Slimline","EB",55.95679606212723,-3.187674330723048
"Calton Road","Outside Waverly Gate rear entrance","Yes","Derby Slimline","NB",55.9530910962489,-3.187048376983364
"Canongate","Outside number 229","Yes","Derby Double","EB",55.95106530918742,-3.181861740833047
"Canongate","Outside number 271, Cranston House","Yes","Derby Double","EB",55.95077892038924,-3.1836145940906833
"Canongate","Up from the Cannongate pub at bus stop","Yes","Derby Double","WB",55.95077839250929,-3.182733787968561
"Canongate","outside Whitefoord House","Yes","Derby Double","EB",55.95235125893168,-3.1761195110097153
"Canongate","Outside number 7","Yes","Derby Double","EB",55.95272263903245,-3.174865576442129
"Canongate","Outside number 162, Cetic Crafts and Knitwear","Yes","Derby Double","WB",55.95156063647938,-3.1789301332777384
"Canongate","Peoples Story Museum","Yes","Derby Double","EB",55.95177306122525,-3.1783280292765608
"Canongate","Outside St Cuthberts Church","Yes","Derby Double","EB",55.951902341851465,-3.1779636162311613
"Canongate","Outside Royal Mile Primary School","Yes","Derby Double","WB",55.95206484140439,-3.1769435992301167
"Canongate","outside Jenny Ha's PH","Yes","Derby Double","EB",55.95215466993751,-3.1769463251819072
"Grassmarket","Beside Recycling Banks","Yes","Derby Double Slimline","WB",55.94743845495406,-3.196419143026091
"Grassmarket","Beside Recycling Banks","Yes","Derby Double Slimline","WB",55.94727007876558,-3.197102506481421
"Grassmarket","At bus Stop","Yes","Derby Double Slimline","WB",55.94761490289291,-3.1949033421495185
"Grassmarket","Last drop pub","Yes","Derby Double Slimline","WB",55.947790677136496,-3.1953090856390483
"Grassmarket","Bus stop","Yes","Derby Double Slimline","EB",55.94760713807538,-3.195703757010292
"Grassmarket","At Bus Stop heading east","Yes","Derby Double Slimline","EB",55.947326030106105,-3.1959673124596444
"Grassmarket","Opposite Dance School","Yes","Derby Double Slimline","EB",55.947051225134686,-3.1974320226091906
"Grassmarket","On corner of Victoria Street","Yes","Derby Double Slimline","NB",55.94786085343435,-3.194558628413838
"Cockburn Street","Outside number 53","Yes","Derby Slimline","NB",55.95065418774411,-3.1891036992605066
"Castle Terrace","Outside number 6 between benches","Yes","Derby Double","EB",55.94841433686894,-3.205080479620712
"Castlehill","Just before the Castle esplanade starts","Yes","Derby Slimline","WB",55.948837315325875,-3.195789719029217
"Cathedral Lane","St Marys Catheral","Yes","Neopolitan","NB",55.95648351540009,-3.187472557310141
"Gullan's Close","Outside number 266 white horse pub","Yes","Derby Double","WB",55.950680416779704,-3.183579559454637
"Hanover Street","Outside Lothian Buses","Yes","Neopolitan","SB",55.952594111613884,-3.1966262298182158
"Hanover Street","Yorkshire Building Society","Yes","Neopolitan","NB",55.95311849748138,-3.1972189625617564
"Hanover Street","Outside JJB","Yes","Neopolitan","NB",55.95239446889676,-3.1968282658214804
"Hanover Street","Outside number 85","Yes","Neopolitan","NB",55.954149650884474,-3.197442984872791
"Hanover Street","Outside number 123","Yes","Neopolitan","SB",55.954846884480254,-3.197816867552572
"Hanover Street","Outside number 98","Yes","Derbt Slimline","SB",55.954387828773015,-3.197898783967727
"Hanover Street","Outside number 98","Yes","Derbt Slimline","NB",55.95402124666031,-3.1977112876172846
"Torphichen Street","Opposite number 17","Yes","Neopolitan","EB",55.94694315291729,-3.213073220146692
"Walker Street","Outside number 18","Yes","Neopolitan","SB",55.94932799018153,-3.2136122047258535
"Walker Street","Outside number 10","Yes","Neopolitan","SB",55.948956074965054,-3.213056103213035
"Festival Square","Festival Square","Yes","Wheelie Bin","NB",55.94697323188211,-3.206348763428127
"Festival Square","In festival Square","Yes","Wheelie Bin","NB",55.946942678253144,-3.206716108379794
"Festival Square","All bar 1 festival square","Yes","Wheelie Bin","Not Applicable",55.94728543419596,-3.2065826541132374
"Riego Street","Outside No. 18","Yes","Derby Slimline","SB",55.944653861713796,-3.202786049869308
"Leopold Place","Opposite number 11 Leopold Place","Yes","Derby Double","WB",55.957777401218316,-3.18280310723677
"Leopold Place","Outside number 6 Leopold Place","Yes","Derby Double","EB",55.95796235135906,-3.183193164864288
"Leopold Place","Outside number 15 leopold Place","Yes","Derby Double","EB",55.95795705773665,-3.182808587464893
"Leopold Place","At roundabout","No","Barnsley","SB",55.95804510525797,-3.183932488837329
"North St David Street","Opposite Royal London","Yes","Neopolitan","NB",55.9549245913259,-3.1944398698084355
"Chambers Street","Outside old Dental Hospital","Yes","Neopolitan","EB",55.94726553115433,-3.191081501703831
"Chambers Street","Bus Stop up from Museum entrance","Yes","Neopolitan","WB",55.94724770917342,-3.190136192055896
"Chambers Street","Opposite number 16","Yes","Topsy","WB",55.94770841422832,-3.1880205834721154
"Chambers Street","Outside number 16","Yes","Neopolitan","EB",55.94784982390513,-3.1882651118839114
"Cockburn Street","Outside number 03","Yes","Derby Double Slimline","NB",55.95071570472395,-3.191107379370866
"Cockburn Street","Outside number 35","Yes","Derby Slimline","NB",55.9506653535135,-3.1898086721341152
"Cockburn Street","Outside baked potato shop","Yes","Derby Double Slimline","NB",55.95031019043256,-3.1884365716167737
"Antigua Street","Outside number 3.","Yes","Derby Double","NB",55.95770894809603,-3.185251654992941
"Antigua Street","Next to bench.","Yes","Derby Double","NB",55.95856303167532,-3.1842686546511447
"Antigua Street","Outside Gurkha Brigade.","Yes","Derby Double","NB",55.95794496525998,-3.1850025921007052
"Antigua Street","Next to bench.","Yes","Derby Double","NB",55.95836340899427,-3.1844707852070693
"Gayfield Place","Next to bus stop.","Yes","Derby Slimline","NB",55.958851866786716,-3.1841333171630173
"Circus Place","Bus stop","Yes","Derby Standard","EB",55.95700805504014,-3.2037938890446362
"Cowgate","Outside Hotel on Corner of St Mary's aStreet","Yes","Brunel","NB",55.949332991527086,-3.183538443725534
"Cowgatehead","Outside chip shop","Yes","Derby Double","WB",55.947793646068185,-3.1940761640656814
"Croft-An-Righ","Opposite electricity Substation","Yes","Neopolitan","NB",55.954497326295055,-3.171556006112259
"Victoria Street","Outside number 06","Yes","Derby Double Slimline","NB",55.948680785045546,-3.193398878624783
"Anderson's Close","Outside number 05","Yes","Derby Double Slimline","NB",55.94856787359511,-3.1939238493925663
"Drummond Place","At east end of gardens facing London Street","Yes","Derby Slimline","SB",55.95879370813474,-3.193886312097302
"Dublin Street","Outside shop on corner of Drummond Place","Yes","Derby Slimline","NB",55.958106982125514,-3.194281620490366
"Dublin Street","Opposite Number 01","Yes","Derby Slimline","NB",55.95690871825008,-3.1936841230081248
"Dundas Street","Outside number 95","No","Derby Slimline","SB",55.95917335986779,-3.2001289498067704
"Dundas Street","Outside shops before Henderson Row","Yes","Derby Standard","NB",55.960466500154844,-3.2011300811946497
"Dundas Street","Bus stop after Fettes Row","Yes","Derby Slimline","NB",55.9595368179883,-3.2006367583393125
"Dundonald Street","On west end of gardens facing Great King Street","Yes","Derby Standard","NB",55.95823206975337,-3.196207569386196
"Dundonald Street","On corner of Great King Street","Yes","Derby Standard","NB",55.95821997789712,-3.1965275456615414
"Forrest Hill","On corner of Forrest Hill","Yes","Derby Double Slimline","NB",55.945988423839005,-3.1912024136570007
"Forrest Road","Across road from Indian t away","Yes","Derby Double Slimline","NB",55.94620463045157,-3.191145002724209
"Forrest Road","Outside sandy bells","Yes","Derby Double Slimline","NB",55.94608057318343,-3.19096505664278
"Forrest Road","Outside  subway","Yes","Derby Double Slimline","NB",55.94593653865187,-3.190992659466219
"Forrest Road","Outside chemist","Yes","Derby Double Slimline","NB",55.94559240610067,-3.1912703146101777
"Forrest Road","Outside No 32, Doctors","Yes","Derby Double Slimline","NB",55.94556746946826,-3.191061389864938
"Frederick Street","Outside McColls","Yes","Neopolitan","NB",55.95241535218103,-3.200224105735776
"Glenfinlas Street","Outside number 12","Yes","Neopolitan","NB",55.95280142604924,-3.209444820195325
"Glenfinlas Street","Outside number 04","Yes","Neopolitan","NB",55.95250640960555,-3.20929148398066
"Leith Street","At steps.","Yes","Derby Double Slimline","SB",55.954381691101254,-3.187392182250301
"Leith Street","Next to bus stop.","Yes","Derby Double Slimline","SB",55.95517649804382,-3.186968065126991
"Leith Street","Outside number 17.","Not Applicable","Amberol","SB",55.953971445916864,-3.188004233441407
"Leith Street","Next to bus stop.","Yes","Derby Double Slimline","NB",55.955620202761835,-3.1866132697720326
"Leith Street","Outside John Lewis.","Yes","Derby Double Slimline","SB",55.955788100651176,-3.1869067033186083
"Leith Street","At bus stop.","Yes","Derby Slimline","SB",55.954216605747,-3.187739475108991
"Leith Street","At bus stop.","Yes","Neopolitan","NB",55.95398725030645,-3.1882289373775916
"George IV Bridge","Oppesit library","Yes","Wheelie Bin","NB",55.94866483999074,-3.1922614286859106
"George IV Bridge","Next to grey friers bobby","Yes","Wheelie Bin","NB",55.94707472539439,-3.191299822966199
"George IV Bridge","Next to chip shop","Yes","Wheelie Bin","NB",55.94718251916313,-3.191303133376081
"George IV Bridge","Outside bank scotland","Yes","Wheelie Bin","NB",55.94937928138569,-3.1927157618256823
"George IV Bridge","Next to vittoria","Yes","Wheelie Bin","NB",55.948218177681184,-3.1919914865486843
"Carlton Terrace Brae","","Yes","Derby Standard","EB",55.95688660319005,-3.1735341982367973
"Haymarket Terrace","Outside no 10 at bus stop","Not Applicable","Derby Double","EB",55.945944633105135,-3.219559059157173
"Drumsheugh Place","Drumsheuch place","Yes","Not Applicable","Not Applicable",55.951607083284195,-3.21211407147576
"Drumsheugh Place","","Yes","Derby Standard","Not Applicable",55.951484159357946,-3.2118219648951403
"Grassmarket","Outside no 58","Yes","Derby Double Slimline","Not Applicable",55.94764136031144,-3.1958809559571724
"Grassmarket","Bus stop","Yes","Derby Double","EB",55.947422199083796,-3.1962424985729485
"Grassmarket","Next to phone box","Yes","Wheelie Bin","WB",55.94791428463774,-3.1946083134709813
"Princes Street","Behind bus stop  across from great scot","Yes","Derby Double","WB",55.95217257317618,-3.195620295765783
"Princes Street","North of bandstand","No","Wheelie Bin","Not Applicable",55.951164094802856,-3.200457632396477
"Princes Street","Opposite old Waverley hotel","Yes","Wheelie Bin","EB",55.95264065899837,-3.1927519978494785
"Princes Street","Outside Barcleys bank","Yes","Wheelie Bin","EB",55.953221743788106,-3.1902714681279396
"Princes Street","Opp m&s","Yes","Derby Double","WB",55.95233568420366,-3.194552316960803
"Princes Street","Opposite m&s","Yes","Derby Double","WB",55.952346374154494,-3.1943764808238977
"Princes Street","Bus stop","Yes","Wheelie Bin","WB",55.95309567515979,-3.190299629632131
"Princes Street","Outside mc donalds","Yes","Wheelie Bin","EB",55.950435356720774,-3.2060720990572262
"Princes Street","Outside jenners","Yes","Wheelie Bin","EB",55.95254880542594,-3.1938862462478754
"Dundas Street","Outside RBS at bus stop","Yes","Wybone","NB",55.960263641827346,-3.2007393571022043
"Dundas Street","Outside No 38","Yes","Derby Standard","NB",55.960136322781324,-3.2008955968103323
"Dundas Street","Outside d j alexandres","Yes","Derby Standard","NB",55.95794646248011,-3.1997065594312355
"Dundas Street","Outside no 49 paper shop","Yes","Derby Standard","NB",55.95798317297275,-3.1996276083775395
"Dundas Street","Corner dundas St &great king st","Yes","Topsy","EB",55.95787584734066,-3.199576235967004
"South Bridge","Outside subway","Yes","Wheelie Bin","SB",55.94973695623821,-3.187314045669751
"South Bridge","At junction with chamber Street","Yes","Neopolitan","SB",55.948001998284546,-3.1864602788613796
"South Bridge","","Yes","Barnsley","NB",55.9478768552574,-3.1863923984614653
"South Bridge","Outside ibis hotel","Yes","Wheelie Bin","NB",55.94849250780576,-3.1868435910416255
"South Bridge","Outside94","Yes","Wheelie Bin","NB",55.94899462082309,-3.186955036368859
"South Bridge","Outside Tesco Express","Yes","Neopolitan","NB",55.94787700939567,-3.186376390002714
"Royal Terrace","Opp side no 17","Yes","Derby Standard","EB",55.95687607677107,-3.174639043168478
"Royal Terrace","Across from crown plaza hotel","Yes","Derby Standard","EB",55.9569649926664,-3.1785018105796725
"Baxter's Place","Down from Theatre Royal.","Yes","Derby Double Slimline","NB",55.9574413114796,-3.1850512688286337
"Holyrood Road","Outside number 100 at bus stop","Yes","Wybone S/l","Not Applicable",55.94991570289161,-3.178992233282658
"Union Street","Outside number 12.","Yes","Derby Standard","WB",55.957863398070025,-3.1860091889203077
"Victoria Street","No 5","Yes","Derby Double","NB",55.948558115171686,-3.1940036163827226
"William Street","Outside pub","Yes","Neopolitan","WB",55.94935777564456,-3.2124120984861975
"Forrest Road","Outside Malone's pub","Yes","Derby Double","NB",55.94591810880906,-3.1910401307710066
"Chalmers Close","Outside no65 chemist","Yes","Derby Double","EB",55.9505017976048,-3.185335676582658
"Douglas Crescent","On bad bend at top of steps","Yes","Neopolitan","SB",55.94872346021006,-3.223858003551296
"Regent Road","Bus stop at bowling green","Yes","Derby Slimline","WB",55.95595939782346,-3.172769380263059
"Regent Road","Outside bowling club ..bus stop","Yes","Derby Slimline","WB",55.955977058773186,-3.1728019473580447
"Cockburn Street","Oppisite malt shovel","Yes","Derbt Slimline","NB",55.9505145152785,-3.190540701434775
"Hanover Street","Bus stop outside mc colls","Yes","Neopolitan","SB",55.95265621372021,-3.1967082217763245
"North St Andrew Street","Outside bank of scotland","Yes","Wheelie Bin","NB",55.9543981928664,-3.1921974493387766
"North St Andrew Street","Outside bus station","Yes","Wheelie Bin","NB",55.955096217503254,-3.1924911834012604
"Gayfield Square","Gardens across from no 33","No","Half Edinburgh","SB",55.95905092968224,-3.184924267809986
"The Mound","Outside gallery","Yes","Neopolitan","NB",55.95130058990602,-3.1965863208471865
"Douglas Gardens","Outside hostel","Yes","Derbt Slimline","SB",55.950927609145765,-3.2208687816989636
"East Market Street","Opposite no 12 arch door","Yes","Derby Double Slimline","EB",55.951504331473075,-3.1857346530479598
"Atholl Crescent","Athoo crescent  at phone box","Yes","Wybone","Not Applicable",55.94893194694974,-3.2109415449473606
"Atholl Crescent","Oppostie /20 at atholl crescent","Yes","Derby Standard","Not Applicable",55.94793330326589,-3.2128960124650336
"Candlemaker Row","Next to pub greyfriars bobby","Yes","Derby Double","NB",55.94706156289026,-3.1917317656234783
"West Bow","No 84","Yes","Derby Double","NB",55.94849259805869,-3.194273828191944
"Bristo Place","Adventist church","Yes","Derby Double","SB",55.94637513876945,-3.1902375222327604
"Bristo Place","","Yes","Derby Double Slimline","SB",55.94608195260975,-3.189892265453671
"Bristo Place","Outside cave due vin","Yes","Derby Double","SB",55.94630142044233,-3.190427410766274
"North Bridge","Outside specsavers","Yes","Wheelie Bin","SB",55.95051553035928,-3.187642150064019
"North Bridge","Paper rack","Yes","Wheelie Bin","NB",55.952481561137674,-3.188759349144102
"Lothian Road","At bus on Lonthian road","Yes","Wybone","Not Applicable",55.94717602369934,-3.2058266433808114
"Mansfield Place","Bus stop  church side","Yes","Neopolitan","SB",55.95976401813099,-3.1911130230139713
"Mansfield Place","Outside number 8","Yes","Neopolitan","NB",55.959732890093484,-3.191544554894742
"Rose Street","Outside Nevis sport","Yes","Derby Double","WB",55.95303227993162,-3.195919059823478
"Rose Street","Outside tiso","Yes","Not Applicable","WB",55.952039499538756,-3.20191005631334
"Clifton Terrace","o/s starbucks","Yes","Wheelie Bin","WB",55.94567491847089,-3.2177571985408937
"North Bank Street","Outside rear of bank","Yes","Derby Double","EB",55.9500549847442,-3.1943859909488674
"Frederick Street","Outside no53","Yes","Neopolitan","NB",55.953810737540536,-3.2008758851887005
"Waverley Bridge","Next to bus tour shop","No","Wheelie Bin","Not Applicable",55.95231170422506,-3.1923895507768503
"Great King Street","At phone box","Yes","Topsy","WB",55.957766183503644,-3.1997650507903366
"George Street","Across from nat west","Yes","Wheelie Bin","EB",55.954032035318356,-3.1947487097375658
"George Street","Outside penhaligons corner Hanover st","Yes","Wheelie Bin","EB",55.95356436958829,-3.19756905332691
"York Place","","Yes","Wheelie Bin","WB",55.95648882183005,-3.1887860918768784
"Picardy Place","Outside number 2.","Yes","Derby Double","EB",55.95679637076673,-3.18764230645902
"South St Andrew Street","Outside mc donalds","Yes","Wheelie Bin","NB",55.95331762301055,-3.191507598803393
"West Maitland Street","Outside William hill","Yes","Not Applicable","Not Applicable",55.94680616792961,-3.216031303030442
"Canongate","Opposite school","Yes","Derby Double","EB",55.95175387067115,-3.1784555642908954
"Waverley Station","At North entrance to Station","Yes","Wheelie Bin","SB",55.95202162188197,-3.1917240216289855